"Year","Cars","Light-duty trucks","Heavy-duty trucks/buses"
2005,42.584179,12.661420,33.415850
2020,,,
2021,88.169484,55.403760,95.853133
2022,97.481716,65.387730,107.646685
