"Year","Coal","Natural gas","Hydro","Nuclear","Wind","Solar","Oil"
2014,-0.220000,2.040000,-0.510000,0,0,0,0
2015,-0.140000,1.400000,0.310000,0,0,0,0
2016,0.150000,1.290000,0.570000,0,0,0,0
2017,0.630000,0.270000,1.160000,0,0,0,0
2018,0.520000,0.410000,1.350000,0,0,0,0
2019,0.750000,2.200000,-1.760000,0,0,0,0
2020,0.150000,2.260000,-1.720000,0,0,0,0
2021,-0.320000,-0.360000,0.710000,0,0,0,0
2022,-1.440000,-0.140000,-0.420000,0,0,0.020000,0
2023,0.020000,-0.780000,0.050000,0,0,0.080000,0
