"Year","Coal","Natural gas","Hydro","Nuclear","Wind","Solar","Oil","Other"
2020,-0.490000,-1.710000,0,0,-0.010000,0.030000,0,2.240000
2021,0.190000,2.310000,0,0,0.030000,0.020000,0,-2.200000
2022,-0.260000,-2.150000,0,0,0,-0.040000,0,1.730000
2023,-0.320000,1.840000,0,0,0,-0.030000,0,-1.820000
2024,0.250000,-1.000000,0,0,0,0,0,-0.460000
2025,0,0.350000,0,0,0.050000,-0.010000,0,-0.630000
2026,0.060000,0.130000,0,0,-0.020000,0,0,-0.140000
