"Year","Coal","Natural gas","Hydro","Nuclear","Wind","Solar","Oil"
2021,0,0.330000,0.030000,0,0,0,0
2022,0,-1.030000,-0.030000,0,0,0,0
2023,0,0.490000,0.050000,0,0,0,0
2024,0,0.160000,-0.080000,0,0,0,0
