"Year","Coal","Natural gas","Hydro","Nuclear","Wind","Solar","Oil","Other"
2019,-0.790000,-0.070000,-0.390000,0,0.300000,0.240000,0,-0.110000
2020,-1.410000,2.660000,-0.430000,0,0.390000,0.840000,0,0.040000
2021,0.200000,3.450000,-0.390000,0,0.660000,0.430000,0,2.000000
2022,-3.240000,2.230000,0.030000,0,0.630000,0.080000,0,-1.240000
2023,-5.360000,4.910000,-0.440000,0,1.400000,0.130000,0,-0.770000
2024,-0.840000,1.660000,2.490000,0,0.690000,0.040000,0,1.100000
