"Year","Coal","Natural gas","Hydro","Nuclear","Wind","Solar","Oil"
2020,0.160000,0,0.140000,0,0,0,0
2021,0.470000,0,-1.280000,0,0,0,0
2022,-0.250000,0,-0.910000,0,0,0,0
2023,0,0,-0.810000,0,0,0,0
2024,-0.130000,0,0.030000,0,0,0,0
