"Year","Coal","Natural gas","Hydro","Nuclear","Wind","Solar","Oil"
2020,0.160000,0,0.140000,0,0,0,0
2021,0.510000,0,-1.650000,0,0,0,0
2022,-0.270000,0,-0.940000,0,0,0,0
2023,0.020000,0,-0.810000,0,0,0,0
2024,-0.090000,0,0.080000,0,0,0,0
