"Year","Coal","Natural gas","Hydro","Nuclear","Wind","Solar"
2016,-2.900824,4.851858,0.618998,-2.966000,0.341142,1.187448
2017,26.556458,-1.368166,0.626256,-12.916716,0.485748,1.986793
2018,-1.658904,27.526875,0.213132,-14.200386,0.295162,2.152880
2019,-24.289229,-7.550254,-1.001888,11.601306,0.216018,3.787910
2020,-31.441329,18.429935,0.877228,13.904732,0.470590,4.970547
2021,-1.037814,23.099444,-0.393268,-2.127387,0.030271,5.425885
2022,3.729653,-22.202705,0.515870,17.175894,0.189620,5.522434
2023,-8.764134,-9.974738,0.229169,4.942076,-0.025867,3.919890
2024,-15.789203,9.095386,1.463203,7.912526,-0.019468,4.155912
