"Year","Coal","Natural gas","Hydro","Wind","Solar"
2016,-1.983866,1.959605,7.062724,0.861463,0.074449
2017,1.984026,6.097437,-9.304177,-0.230634,0.120942
2018,-2.553544,-3.151698,6.035914,0.409348,0.012470
2019,-6.177379,1.751628,-3.351073,1.054347,0.336564
2020,-3.065270,0.433991,3.326158,-1.360529,0.373893
2021,-1.525625,-1.927226,-0.139968,0.858382,0.521549
2022,-0.784947,1.754042,-4.589242,0.088494,1.281934
2023,0,-6.637751,6.008815,-0.029309,2.188885
2024,0,-5.392817,3.833911,1.171718,2.074679
