"Year","Coal","Natural gas","Hydro","Nuclear","Wind","Solar","Oil","Other"
2023,0,0,0,0,0,0,0,0
2024,0.090000,1,0.330000,0,-0.100000,0.330000,0,-0.270000
2025,-0.610000,-0.930000,0.070000,0,0.120000,0.700000,0,-0.690000
