"Year","Coal","Natural gas","Hydro","Nuclear","Wind","Solar","Oil"
2020,0,3.320000,0.390000,0,0,0,0
2021,0,1.980000,0.620000,0,0,0,0
2022,0,-0.120000,0.760000,0,0,0,0
2023,0,3.330000,0.340000,0,0,0,0
2024,0,-1.890000,-0.490000,0,0,0,0
2025,0,0.490000,2.530000,0,0,0,0
