"YYYYMM","Natural gas","Oil","Others"
202503,1239.998248,824.292000,
202504,3833.390077,1893.348000,
202505,6287.685683,2424.276000,
202506,5193.660524,1913.976000,
202507,5152.333880,1792.620000,
202508,5877.525635,1919.808000,
202509,4302.979736,1333.980000,
202510,1421.844406,322.452000,
202511,4662.295706,1363.176000,
