"Year","Cars","Light-duty trucks","Heavy-duty trucks/buses"
2005,1.929084,1.097163,3.277343
2020,2.483469,0.918219,1.902729
2021,2.534731,0.972775,2.008319
