"Year","Coal","Natural gas","Hydro","Nuclear","Wind","Solar","Oil"
2020,0,0,-1.170000,0,0,0,0
2021,0,0,0.980000,0,0,0,0
2022,0,0,0.860000,0,0,0,0
2023,0,0,0.710000,0,0,0,0
2024,0,0,-0.210000,0,0,0,0
2025,0.070000,0,0.970000,0,0,0,0
