"Year","Coal","Natural gas","Hydro","Nuclear","Wind","Solar","Oil","Other"
2019,0.810000,2.920000,-0.190000,0,0,0,0,1.200000
2020,9.120000,-17.080000,1.490000,0,0,0.230000,0,-0.900000
2021,-6,6.640000,3.090000,0,0,0.250000,0,0.750000
2022,-1.850000,6.020000,1.740000,0,0,0.530000,0,1.110000
2023,3.740000,0.190000,-0.300000,0,0,0.490000,0,-0.630000
2024,3.930000,3.480000,1.900000,0,0,0.880000,0,0.230000
