"Year","Coal","Natural gas","Hydro","Nuclear","Wind","Solar","Oil"
2020,0,-0.090000,-0.490000,0,0,0,0
2021,0,1.230000,0.240000,0,0,0,0
2022,0,1.360000,0.310000,0,0,0,0
2023,0,0.070000,0.170000,0,0,0,0
2024,0,-2.520000,1.220000,0,0,0,0
2025,0,-0.210000,0.260000,0,0,0,0
