"Year","Coal","Natural gas","Hydro","Wind","Solar"
2016,-2.992757,5.121339,-0.268906,0.524894,0.029716
2017,-0.224045,1.899362,-1.526093,0.391092,0.061760
2018,-0.610407,-2.043698,1.012447,0.763271,-0.200824
2019,-5.043776,0.009819,-1.007077,0.933088,0.637858
2020,-5.021497,4.263117,-0.606067,2.076757,0.018344
2021,-0.937545,3.921474,2.515107,1.172877,0.804124
2022,0.508810,-2.869464,-1.959180,0.400269,1.888737
2023,-1.066811,-3.420006,0.093917,0.130474,1.359795
2024,-1.270162,4.830272,-0.557805,0.925419,1.218440
