"Year","Coal","Natural gas","Hydro","Nuclear","Wind","Solar","Oil"
2021,0,0.490000,0,0,-0.030000,0,0
2022,0,-0.540000,0,0,-0.110000,0,0
2023,0,-0.190000,0,0,0.020000,0,0
2024,0,-0.450000,0,0,-0.010000,0,0
