"Year","Coal","Natural gas","Hydro","Nuclear","Wind","Solar","Oil","Other"
2017,"NaN",17.970000,-0.270000,"NaN",-0.280000,0.320000,"NaN",-13.990000
2018,"NaN",20.670000,-0.250000,"NaN",1.040000,-0.010000,"NaN",-13.900000
2019,"NaN",-1.860000,1.410000,"NaN",0.940000,0.620000,"NaN",-4.750000
2020,"NaN",4.810000,1.070000,"NaN",0.870000,3.770000,"NaN",-8.110000
2021,"NaN",8.390000,-1.220000,"NaN",0.710000,0.120000,"NaN",3.210000
2022,"NaN",-15.190000,1.140000,"NaN",0.660000,-0.060000,"NaN",20.830000
2023,"NaN",16.060000,0.000000,"NaN",-0.490000,0.210000,"NaN",-10.430000
2024,"NaN",13.490000,0.830000,"NaN",1.070000,0.600000,"NaN",-0.980000
