"Year","Electricity generation","Non-metallic minerals"
2019,0,0.060020
2020,0,0.054271
2021,0,0.081335
2022,0.108878,0.081117
