"Year","BHS production Eora 199.082"
1990,1.520000
1991,1.460000
1992,1.230000
1993,1.260000
1994,1.350000
1995,1.580000
1996,1.800000
1997,1.710000
1998,1.880000
1999,1.750000
2000,1.630000
2001,1.620000
2002,1.620000
2003,1.950000
2004,2.010000
2005,2.060000
2006,2.000000
2007,1.980000
2008,1.370000
2009,1.650000
2010,1.740000
2011,1.730000
2012,3.010000
2013,3.370000
2014,3.140000
2015,3.000000
2016,3.030000
2017,2.450000
2018,2.513879
2019,2.449275
2020,7.550268
2021,6.686890
2022,
