"Year","ERI production Eora 199.082"
1990,0.200000
1991,0.220000
1992,0.220000
1993,0.450000
1994,0.660000
1995,0.740000
1996,0.810000
1997,0.890000
1998,0.830000
1999,0.640000
2000,0.670000
2001,0.670000
2002,0.730000
2003,0.690000
2004,0.690000
2005,0.700000
2006,0.600000
2007,0.530000
2008,0.510000
2009,0.440000
2010,0.460000
2011,0.550000
2012,0.600000
2013,0.640000
2014,0.660000
2015,0.690000
2016,0.670000
2017,0.710000
2018,0.725327
2019,0.746813
2020,0.815100
2021,0.886712
2022,
