"Year","FJI production Eora 199.082"
1990,1.030000
1991,0.880000
1992,0.880000
1993,0.940000
1994,0.710000
1995,0.760000
1996,0.840000
1997,0.870000
1998,0.890000
1999,0.960000
2000,1.140000
2001,1.310000
2002,1.450000
2003,1.790000
2004,2.180000
2005,2.180000
2006,2.110000
2007,1.870000
2008,1.760000
2009,1.090000
2010,1.200000
2011,1.500000
2012,2.090000
2013,2.040000
2014,1.280000
2015,1.210000
2016,1.180000
2017,1.230000
2018,1.280731
2019,1.360766
2020,1.341790
2021,1.442811
2022,
