"Year","GAB production Eora 199.082"
1990,6.170000
1991,4.930000
1992,4.970000
1993,5.080000
1994,5.040000
1995,5.660000
1996,6.350000
1997,6.050000
1998,6.940000
1999,6.590000
2000,6.600000
2001,6.760000
2002,6.470000
2003,7.350000
2004,6.630000
2005,6.400000
2006,5.720000
2007,5.180000
2008,5.520000
2009,5.430000
2010,5.940000
2011,5.810000
2012,5.890000
2013,6.110000
2014,6.300000
2015,6.420000
2016,6.560000
2017,6.460000
2018,3.495073
2019,3.484953
2020,3.431851
2021,3.419530
2022,
