"Year","GMB production Eora 199.082"
1990,0.150000
1991,0.170000
1992,0.160000
1993,0.160000
1994,0.160000
1995,0.170000
1996,0.170000
1997,0.180000
1998,0.170000
1999,0.170000
2000,0.210000
2001,0.210000
2002,0.210000
2003,0.230000
2004,0.230000
2005,0.230000
2006,0.300000
2007,0.380000
2008,0.380000
2009,0.390000
2010,0.460000
2011,0.480000
2012,0.490000
2013,0.470000
2014,0.480000
2015,0.510000
2016,0.520000
2017,0.540000
2018,0.569884
2019,0.592455
2020,0.575685
2021,0.593572
2022,
