"Year","GRL production Eora 199.082"
1990,0
1991,0
1992,0
1993,0
1994,0
1995,0
1996,0
1997,0
1998,0
1999,0
2000,0
2001,0
2002,0
2003,0
2004,0.620000
2005,0.630000
2006,0.650000
2007,0.640000
2008,0.660000
2009,0.560000
2010,0.660000
2011,0.710000
2012,0.570000
2013,0.540000
2014,0.510000
2015,0.520000
2016,0.520000
2017,0.540000
2018,0.529558
2019,0.536685
2020,0.536685
2021,0.536685
2022,
