"Year","MLI production Eora 199.082"
1990,0.380000
1991,0.450000
1992,0.420000
1993,0.410000
1994,0.420000
1995,0.420000
1996,0.450000
1997,0.530000
1998,0.470000
1999,0.490000
2000,0.500000
2001,0.510000
2002,0.510000
2003,0.530000
2004,0.540000
2005,0.540000
2006,0.570000
2007,0.560000
2008,0.580000
2009,0.560000
2010,0.580000
2011,0.570000
2012,0.570000
2013,0.810000
2014,0.880000
2015,0.910000
2016,0.920000
2017,0.950000
2018,0.993835
2019,1.031354
2020,1.201427
2021,1.281806
2022,
