"Year","SLE production Eora 199.082"
1990,0.740000
1991,0.940000
1992,0.580000
1993,0.580000
1994,0.580000
1995,0.650000
1996,0.740000
1997,0.740000
1998,0.670000
1999,0.690000
2000,0.740000
2001,0.810000
2002,0.820000
2003,0.860000
2004,1.070000
2005,0.510000
2006,0.680000
2007,0.590000
2008,0.620000
2009,0.700000
2010,0.730000
2011,0.840000
2012,0.870000
2013,1.140000
2014,1.160000
2015,1.210000
2016,1.250000
2017,1.290000
2018,1.347850
2019,1.400425
2020,1.481812
2021,1.559830
2022,
