"Year","SUR production Eora 199.082"
1990,0.900000
1991,0.910000
1992,0.880000
1993,0.830000
1994,0.810000
1995,0.860000
1996,0.840000
1997,0.850000
1998,0.820000
1999,0.810000
2000,1.480000
2001,1.520000
2002,1.120000
2003,1.240000
2004,1.380000
2005,1.680000
2006,1.520000
2007,1.420000
2008,1.440000
2009,1.450000
2010,1.720000
2011,1.820000
2012,2.050000
2013,2.030000
2014,2.040000
2015,2.130000
2016,1.970000
2017,2.000000
2018,2.014135
2019,2.058611
2020,2.271493
2021,2.164441
2022,
