"Year","VGB production Eora 199.082"
1990,0.020000
1991,0.020000
1992,0.020000
1993,0.030000
1994,0.030000
1995,0.030000
1996,0.030000
1997,0.030000
1998,0.030000
1999,0.030000
2000,0.030000
2001,0.030000
2002,0.030000
2003,0.030000
2004,0.040000
2005,0.020000
2006,0.020000
2007,0.060000
2008,0.060000
2009,0.060000
2010,0.060000
2011,0.070000
2012,0.110000
2013,0.120000
2014,0.150000
2015,0.150000
2016,0.150000
2017,0.120000
2018,0.124744
2019,0.121546
2020,0.121546
2021,0.121546
2022,
