"Year","VUT production Eora 199.082"
1990,0.130000
1991,0.060000
1992,0.060000
1993,0.050000
1994,0.030000
1995,0.040000
1996,0.040000
1997,0.040000
1998,0.050000
1999,0.040000
2000,0.050000
2001,0.050000
2002,0.050000
2003,0.050000
2004,0.060000
2005,0.060000
2006,0.050000
2007,0.100000
2008,0.050000
2009,0.110000
2010,0.120000
2011,0.150000
2012,0.210000
2013,0.120000
2014,0.080000
2015,0.070000
2016,0.070000
2017,0.070000
2018,0.081137
2019,0.086288
2020,0.214356
2021,0.217247
2022,
