"YYYYMM","Natural gas","Oil","Others"
202503,,0.032004,
202504,,2.274156,
202505,,6.858864,
202506,,24.873084,
