"YYYYMM","Natural gas","Oil","Others"
202503,,32.004000,
202504,,2274.156000,
202505,,6858.864000,
