"Year","Coal","Natural gas","Hydro","Wind","Solar"
2016,-0.352219,2.880863,-0.120366,-0.425955,-0.001538
2017,-1.160963,0.344856,-0.077094,1.296994,0.005147
2018,-1.519005,0.298768,0.036212,1.195730,0.007975
2019,-1.740634,-0.076053,0.198163,1.379718,0.015407
2020,-0.819058,0.250328,0.091355,1.529935,0.019910
2021,1.389695,-1.066294,-0.186676,-1.771039,0.026245
2022,-0.405615,1.357498,-0.086570,1.430051,0.068880
2023,-1.285935,-1.060388,0.205662,0.055801,-0.000000
2024,-0.281706,-0.383969,-0.044425,0.086894,-0.000000
