"YYYYMM","ISO3","Coal (MtCO2)","Oil (MtCO2)","Gas (MtCO2)","Cement (MtCO2)"
200801,"AUT",1.572133,2.955308,2.119534,
200802,"AUT",1.283612,2.843943,1.858809,
200803,"AUT",1.477174,2.810717,1.754315,
200804,"AUT",1.243214,2.939638,1.403718,
200805,"AUT",1.174080,3.058219,0.922861,
200806,"AUT",1.266524,3.076204,0.887689,
200807,"AUT",0.769519,2.998062,0.879918,
200808,"AUT",1.071801,2.929151,0.843621,
200809,"AUT",1.395732,3.237351,1.200302,
200810,"AUT",2.043878,3.215995,1.609997,
200811,"AUT",2.095204,2.600125,1.713060,
200812,"AUT",1.635302,2.870056,1.978027,
200901,"AUT",1.467359,3.109132,2.315375,
200902,"AUT",1.171160,2.737715,1.988129,
200903,"AUT",0.940868,3.122910,1.772394,
200904,"AUT",0.495031,2.911638,0.971345,
200905,"AUT",0.630007,2.763461,0.833498,
200906,"AUT",0.656745,2.658564,0.791268,
200907,"AUT",1.076228,2.967357,0.786887,
200908,"AUT",0.815689,2.688697,0.715570,
200909,"AUT",1.460010,2.960138,0.921219,
200910,"AUT",1.519582,3.092283,1.663583,
200911,"AUT",1.242032,2.689114,1.794706,
200912,"AUT",1.355317,2.777136,2.237893,
201001,"AUT",1.151382,2.526979,2.531670,
201002,"AUT",1.417091,2.772838,2.131596,
201003,"AUT",1.175707,3.009388,1.845090,
201004,"AUT",1.065102,2.754388,1.387928,
201005,"AUT",1.076873,2.817607,1.072902,
201006,"AUT",1.187288,2.799925,0.882913,
201007,"AUT",1.413119,2.989270,0.835162,
201008,"AUT",1.069963,2.968364,0.771274,
201009,"AUT",1.623337,3.185283,1.054381,
201010,"AUT",1.851715,3.139706,1.702141,
201011,"AUT",1.317197,2.899568,1.825350,
201012,"AUT",1.148252,3.044484,2.474328,
201101,"AUT",1.487643,2.458872,2.332632,
201102,"AUT",1.621058,2.695516,2.099557,
201103,"AUT",1.487401,2.926668,1.913790,
201104,"AUT",1.268639,2.620784,1.210084,
201105,"AUT",1.282678,2.752168,1.115469,
201106,"AUT",1.029183,2.674685,0.791344,
201107,"AUT",1.005830,2.838920,0.790937,
201108,"AUT",1.390094,3.029059,0.719899,
201109,"AUT",1.359603,3.005855,0.910453,
201110,"AUT",1.587754,3.067411,1.484814,
201111,"AUT",1.158194,2.791287,2.014159,
201112,"AUT",1.139618,2.614456,2.066814,
201201,"AUT",1.130259,2.510040,2.118914,
201202,"AUT",1.596704,2.700716,2.538244,
201203,"AUT",1.409788,2.721187,1.601246,
201204,"AUT",1.190954,2.576031,1.245783,
201205,"AUT",1.115363,2.696942,0.847058,
201206,"AUT",0.842416,2.864011,0.753456,
201207,"AUT",1.053232,2.924380,0.708486,
201208,"AUT",1.307709,2.718128,0.734023,
201209,"AUT",1.147935,2.760608,0.851599,
201210,"AUT",1.102039,3.100180,1.398515,
201211,"AUT",1.589358,2.741493,1.699731,
201212,"AUT",1.200305,2.447246,2.169890,
201301,"AUT",1.524036,2.545754,2.286039,
201302,"AUT",1.301895,2.376831,1.970653,
201303,"AUT",1.343338,2.799325,1.883591,
201304,"AUT",1.408046,2.930245,1.234868,
201305,"AUT",1.051817,2.971508,0.910955,
201306,"AUT",0.962254,2.859441,0.723219,
201307,"AUT",1.052584,2.954591,0.638651,
201308,"AUT",1.179632,2.862219,0.671860,
201309,"AUT",1.259520,2.901257,0.890112,
201310,"AUT",1.422559,3.244851,1.255063,
201311,"AUT",1.312796,2.641982,1.647787,
201312,"AUT",1.140538,2.486346,1.997080,
201401,"AUT",1.268105,2.470070,1.953152,
201402,"AUT",1.097541,2.296044,1.639727,
201403,"AUT",1.061666,2.692769,1.553586,
201404,"AUT",1.074343,2.757817,0.966667,
201405,"AUT",1.025356,2.750875,0.951940,
201406,"AUT",0.828266,2.703519,0.735725,
201407,"AUT",0.951691,2.927733,0.749167,
201408,"AUT",1.085022,2.770364,0.767650,
201409,"AUT",1.195538,2.930918,0.860314,
201410,"AUT",1.474775,3.101891,1.228794,
201411,"AUT",1.486400,2.546592,1.415060,
201412,"AUT",1.252260,2.559343,1.846354,
201501,"AUT",1.276474,2.569061,2.013966,
201502,"AUT",1.356268,2.659765,1.830670,
201503,"AUT",1.367057,2.789615,1.759237,
201504,"AUT",1.194645,2.661429,1.108899,
201505,"AUT",1.060966,2.599794,0.865679,
201506,"AUT",0.886753,2.741320,0.662839,
201507,"AUT",0.843967,2.986828,0.740721,
201508,"AUT",1.019346,2.884087,0.766268,
201509,"AUT",1.035156,3.008950,0.948869,
201510,"AUT",1.334736,2.974941,1.413878,
201511,"AUT",1.496743,2.602073,1.677040,
201512,"AUT",1.499114,2.604062,1.897192,
201601,"AUT",1.463307,2.548184,2.213985,
201602,"AUT",1.428584,2.805104,1.635322,
201603,"AUT",1.213149,3.011482,1.666149,
201604,"AUT",0.887425,2.925229,1.255580,
201605,"AUT",0.979822,2.854803,0.945680,
201606,"AUT",0.987546,2.861184,0.697829,
201607,"AUT",1.005073,2.805022,0.714797,
201608,"AUT",0.964895,2.992306,0.698273,
201609,"AUT",0.909787,2.841134,0.936407,
201610,"AUT",1.086060,2.960202,1.505995,
201611,"AUT",1.106203,2.767838,1.905121,
201612,"AUT",1.301796,2.804557,2.286737,
201701,"AUT",1.466055,2.773826,2.934524,
201702,"AUT",1.228992,2.570837,2.060721,
201703,"AUT",1.296397,2.980734,1.602515,
201704,"AUT",0.947832,2.730865,1.319483,
201705,"AUT",1.181421,3.025405,0.938261,
201706,"AUT",0.958298,2.926043,0.797115,
201707,"AUT",1.034902,3.065450,0.805499,
201708,"AUT",1.001294,3.064801,0.857183,
201709,"AUT",1.077374,2.992858,1.045674,
201710,"AUT",1.169839,3.056445,1.384286,
201711,"AUT",1.284753,2.824455,1.902462,
201712,"AUT",1.375462,2.604341,2.078525,
201801,"AUT",1.150644,2.534690,2.052644,
201802,"AUT",1.247767,2.589592,2.212062,
201803,"AUT",1.325264,2.983856,2.063599,
201804,"AUT",1.070721,2.782493,0.996305,
201805,"AUT",0.935826,2.835878,0.778474,
201806,"AUT",0.695624,2.870718,0.761820,
201807,"AUT",0.732136,3.051083,0.795423,
201808,"AUT",0.504934,3.020273,0.824310,
201809,"AUT",0.617783,2.889800,1.022146,
201810,"AUT",1.532167,3.172609,1.313226,
201811,"AUT",1.254619,2.736067,1.782197,
201812,"AUT",1.226903,2.736733,2.215501,
201901,"AUT",1.269092,2.737842,2.483276,
201902,"AUT",1.172189,2.550568,1.902090,
201903,"AUT",1.134259,2.764367,1.558227,
201904,"AUT",1.248194,2.817510,1.260947,
201905,"AUT",1.171331,2.882027,1.107674,
201906,"AUT",0.982677,2.883300,0.785099,
201907,"AUT",1.106882,3.245145,0.853221,
201908,"AUT",1.126950,2.951162,0.940727,
201909,"AUT",0.969669,2.995977,1.220025,
201910,"AUT",1.030899,3.089452,1.516353,
201911,"AUT",0.984993,2.708166,1.821446,
201912,"AUT",0.807507,2.569756,2.076100,
202001,"AUT",1.188951,2.676942,2.407315,
202002,"AUT",1.148661,2.782288,1.760830,
202003,"AUT",1.088754,2.716559,1.699809,
202004,"AUT",0.799409,2.231951,1.113604,
202005,"AUT",0.865618,2.440601,0.894460,
202006,"AUT",0.822564,2.516737,0.749914,
202007,"AUT",0.792192,2.809498,0.811072,
202008,"AUT",0.840382,2.601914,0.787035,
202009,"AUT",0.866327,2.752712,0.921417,
202010,"AUT",0.979954,2.688817,1.473932,
202011,"AUT",0.924197,2.388083,1.866792,
202012,"AUT",1.053783,2.244776,2.217147,
202101,"AUT",1.064215,2.025856,2.369979,
202102,"AUT",0.958353,2.276268,1.931649,
202103,"AUT",1.077751,2.674777,1.895535,
202104,"AUT",0.983395,2.607786,1.563304,
202105,"AUT",1.110667,2.642012,1.063990,
202106,"AUT",1.052484,2.849510,0.755918,
202107,"AUT",1.069915,2.926274,0.746135,
202108,"AUT",1.054352,2.941780,0.743340,
202109,"AUT",0.912134,3.042236,0.875569,
202110,"AUT",1.049308,3.043183,1.455971,
202111,"AUT",1.031479,2.686846,1.958040,
202112,"AUT",1.043638,2.553875,2.242603,
202201,"AUT",1.050107,2.330399,2.219396,
202202,"AUT",0.867643,2.495435,1.867456,
202203,"AUT",1.067930,2.857210,1.925902,
202204,"AUT",1.014301,2.432071,1.356195,
202205,"AUT",1.025905,2.735421,0.897673,
202206,"AUT",0.935155,2.473324,0.718675,
202207,"AUT",1.033277,2.545597,0.668756,
202208,"AUT",0.944069,2.587074,0.610667,
202209,"AUT",0.853788,2.908768,0.906152,
202210,"AUT",0.979765,2.397156,1.091186,
202211,"AUT",0.925393,2.402533,1.558546,
202212,"AUT",0.965882,2.562989,1.881287,
202301,"AUT",0.972320,2.076835,1.713789,
202302,"AUT",0.796071,2.240525,1.602976,
202303,"AUT",1.012809,2.508834,1.378413,
202304,"AUT",0.943700,2.456508,1.220984,
202305,"AUT",0.969039,2.565945,0.845802,
202306,"AUT",0.938587,2.585707,0.599946,
202307,"AUT",1.017051,2.556194,0.603482,
202308,"AUT",0.808926,2.528400,0.564710,
202309,"AUT",0.782222,2.479733,0.694144,
202310,"AUT",0.913443,2.592860,0.955511,
202311,"AUT",0.991474,2.426531,1.427341,
202312,"AUT",1.002204,2.382675,1.735659,
202401,"AUT",1.039477,2.102077,1.970985,
202402,"AUT",0.939365,2.040217,1.336248,
202403,"AUT",1.052402,2.242212,1.188065,
202404,"AUT",1.005434,2.307544,0.924966,
202405,"AUT",1.083400,2.323311,0.672377,
202406,"AUT",1.009971,2.348059,0.618210,
202407,"AUT",0.799516,2.560148,0.571609,
202408,"AUT",0.805034,2.506172,0.561035,
202409,"AUT",0.705534,2.463840,0.728082,
202410,"AUT",0.767235,2.628988,1.022573,
202411,"AUT",0.823202,2.282162,1.787643,
202412,"AUT",0.871401,2.212612,1.899216,
202501,"AUT",0.862814,2.045814,2.086916,
202502,"AUT",0.742640,2.015928,1.916474,
202503,"AUT",0.904796,2.271768,1.485429,
202504,"AUT",0.871115,2.361450,1.030879,
202505,"AUT",0.957482,2.340748,0.766328,
202506,"AUT",0.848667,2.372210,0.589701,
202507,"AUT",0.911983,2.452460,0.606735,
202508,"AUT",0.960370,2.260594,0.553576,
202509,"AUT",0.891156,2.350963,0.685814,
202510,"AUT",0.978900,2.541651,1.264262,
202511,"AUT",0.833034,2.123455,1.613844,
202512,"AUT",0.876686,2.251136,1.901867,
202601,"AUT",0.928981,2.071986,2.333709,
202602,"AUT",0.768627,2.043560,1.590804,
202603,"AUT",0.911899,2.498101,1.166094,
202604,"AUT",0.892626,2.265792,1.066180,
202605,"AUT",0.899764,2.084903,0.712030,
202606,"AUT",0.926449,2.304868,0.557479,
202607,"AUT",0.937005,2.559125,0.580790,
202608,"AUT",,,0.555533,
202609,"AUT",,,,
202610,"AUT",,,,
202611,"AUT",,,,
202612,"AUT",,,,
200801,"BEL",2.022407,4.581761,4.347631,
200802,"BEL",1.718903,4.442112,3.763359,
200803,"BEL",2.072098,4.349368,3.652737,
200804,"BEL",1.917662,4.707973,3.195967,
200805,"BEL",1.956855,3.447921,2.079302,
200806,"BEL",2.321860,4.549414,2.130562,
200807,"BEL",2.382798,4.089134,1.968371,
200808,"BEL",1.976237,4.213183,1.844455,
200809,"BEL",2.171126,5.201605,2.401706,
200810,"BEL",2.114354,5.495791,2.838008,
200811,"BEL",1.319439,4.746229,3.336764,
200812,"BEL",1.285285,5.641581,4.104869,
200901,"BEL",2.564341,4.977913,4.153567,
200902,"BEL",1.566892,4.297337,3.977789,
200903,"BEL",2.098566,4.191224,3.546179,
200904,"BEL",1.559506,3.605672,2.360864,
200905,"BEL",2.004315,3.490283,1.777420,
200906,"BEL",2.116476,4.314791,1.845613,
200907,"BEL",2.138298,3.185592,2.273196,
200908,"BEL",-0.120118,3.869927,2.522959,
200909,"BEL",0.633281,4.554581,2.597883,
200910,"BEL",0.249721,5.017957,3.094155,
200911,"BEL",1.603853,4.772069,3.597323,
200912,"BEL",-1.252742,5.097140,4.713562,
201001,"BEL",0.825773,5.677906,5.465201,
201002,"BEL",0.163601,4.793920,4.654949,
201003,"BEL",0.271843,4.538826,4.509198,
201004,"BEL",0.516792,3.678119,2.535819,
201005,"BEL",0.247461,3.573424,2.724382,
201006,"BEL",1.964717,3.924437,1.826317,
201007,"BEL",2.776154,3.690531,2.125318,
201008,"BEL",3.116582,3.783264,1.810567,
201009,"BEL",1.535745,4.125954,2.054380,
201010,"BEL",1.670214,4.416218,2.484568,
201011,"BEL",0.933249,4.559479,3.795634,
201012,"BEL",3.504060,5.144571,6.340890,
201101,"BEL",2.021286,4.045850,4.884534,
201102,"BEL",1.499045,4.266263,3.989329,
201103,"BEL",1.441892,4.059568,4.706398,
201104,"BEL",1.394576,4.036505,3.849861,
201105,"BEL",1.417558,3.836148,2.240340,
201106,"BEL",1.621372,3.741420,1.947247,
201107,"BEL",1.332489,3.868796,2.026484,
201108,"BEL",0.953410,4.167900,1.960813,
201109,"BEL",1.184656,4.364096,2.110244,
201110,"BEL",1.420473,4.168456,2.621715,
201111,"BEL",1.248979,4.090820,2.807323,
201112,"BEL",1.153236,4.140289,1.418670,
201201,"BEL",1.254501,3.935112,3.176278,
201202,"BEL",1.390395,4.520679,3.263820,
201203,"BEL",1.285709,3.821972,2.974902,
201204,"BEL",1.288380,3.864816,2.897172,
201205,"BEL",0.994604,3.760106,2.819346,
201206,"BEL",1.414341,3.807277,2.576153,
201207,"BEL",1.089948,3.694907,2.628545,
201208,"BEL",1.086545,3.618169,2.522809,
201209,"BEL",1.244437,3.781837,2.423360,
201210,"BEL",1.374526,4.515014,3.283633,
201211,"BEL",1.299352,4.216669,3.061873,
201212,"BEL",1.355376,4.161062,3.275631,
201301,"BEL",1.398475,4.246592,4.697595,
201302,"BEL",1.280273,4.041528,4.378368,
201303,"BEL",1.260918,4.477697,4.326214,
201304,"BEL",1.113845,4.286849,2.969661,
201305,"BEL",1.125218,3.798509,2.533527,
201306,"BEL",0.867490,3.151566,1.910288,
201307,"BEL",0.925833,3.644988,1.651223,
201308,"BEL",0.978868,3.684169,1.560900,
201309,"BEL",1.501710,3.929881,1.892405,
201310,"BEL",1.606210,4.220840,2.237895,
201311,"BEL",1.587529,4.022522,3.373979,
201312,"BEL",1.663601,4.061521,3.727744,
201401,"BEL",1.267290,3.916982,3.669577,
201402,"BEL",1.185366,3.746969,3.195586,
201403,"BEL",1.179971,4.017895,2.827509,
201404,"BEL",1.194635,3.734869,2.208729,
201405,"BEL",1.193051,3.720094,2.056390,
201406,"BEL",1.090130,3.634717,1.869460,
201407,"BEL",1.105873,3.547830,1.789141,
201408,"BEL",1.163511,3.844971,1.827105,
201409,"BEL",1.288043,4.107966,2.014731,
201410,"BEL",1.404088,4.379956,2.556244,
201411,"BEL",1.375196,3.808287,2.999018,
201412,"BEL",1.321978,4.095178,3.968258,
201501,"BEL",1.355167,4.695883,4.397051,
201502,"BEL",1.277845,4.265173,3.940097,
201503,"BEL",1.288074,4.066312,3.532319,
201504,"BEL",1.197053,4.078094,2.646139,
201505,"BEL",1.086831,3.687090,2.130696,
201506,"BEL",0.958049,3.750887,1.808710,
201507,"BEL",1.139246,3.664909,1.713710,
201508,"BEL",1.300091,3.862452,1.727122,
201509,"BEL",1.251276,4.442924,2.294190,
201510,"BEL",1.051612,4.184240,3.040452,
201511,"BEL",1.187541,3.713839,3.275848,
201512,"BEL",1.323684,4.166486,3.290963,
201601,"BEL",1.268909,4.177579,4.039346,
201602,"BEL",1.127581,4.145791,3.727784,
201603,"BEL",1.206264,4.460723,3.702512,
201604,"BEL",1.069881,3.866602,2.665036,
201605,"BEL",1.062684,3.654566,1.940825,
201606,"BEL",1.134746,3.504643,1.764028,
201607,"BEL",1.170809,3.338404,1.633572,
201608,"BEL",1.107927,3.869985,1.763230,
201609,"BEL",1.039169,3.778372,1.878842,
201610,"BEL",1.174597,4.173336,3.123920,
201611,"BEL",1.007997,4.070900,3.825679,
201612,"BEL",1.142468,4.379732,4.289989,
201701,"BEL",1.114915,4.370653,4.914606,
201702,"BEL",1.017997,3.782425,3.621063,
201703,"BEL",1.114067,4.186759,3.224074,
201704,"BEL",1.086303,3.802497,2.922252,
201705,"BEL",1.110316,3.830753,2.218662,
201706,"BEL",0.978680,3.528304,1.790966,
201707,"BEL",1.170634,3.461227,1.783503,
201708,"BEL",1.134772,3.561747,1.751777,
201709,"BEL",1.118178,3.895732,2.076429,
201710,"BEL",1.160848,4.016382,2.705420,
201711,"BEL",1.053106,4.069551,3.722774,
201712,"BEL",1.218913,4.104581,4.282303,
201801,"BEL",1.092647,4.071818,4.030852,
201802,"BEL",1.068254,4.218938,4.390618,
201803,"BEL",1.213174,4.423551,4.030308,
201804,"BEL",1.099924,3.591987,2.388308,
201805,"BEL",1.149256,3.627806,2.079823,
201806,"BEL",1.102336,3.447473,1.939259,
201807,"BEL",1.040575,3.339947,1.917507,
201808,"BEL",1.145442,3.511671,1.983099,
201809,"BEL",1.122264,3.734927,2.078127,
201810,"BEL",1.189868,4.174342,3.082521,
201811,"BEL",1.062422,4.053573,4.033185,
201812,"BEL",1.053323,4.001918,4.135193,
201901,"BEL",1.148356,4.358893,4.825538,
201902,"BEL",0.964806,3.783458,3.636222,
201903,"BEL",1.164904,3.926930,3.385933,
201904,"BEL",1.069414,3.759896,2.700582,
201905,"BEL",1.147973,3.503217,2.494175,
201906,"BEL",1.058776,3.221976,2.025245,
201907,"BEL",1.119168,3.430668,1.940698,
201908,"BEL",1.142670,3.504557,1.869953,
201909,"BEL",1.098722,3.893580,2.243501,
201910,"BEL",1.154833,4.183453,3.047313,
201911,"BEL",1.084601,3.989508,3.966638,
201912,"BEL",1.037613,4.084556,4.071447,
202001,"BEL",1.165790,3.837097,4.406108,
202002,"BEL",0.975215,3.680098,3.861996,
202003,"BEL",0.990663,4.392740,3.726904,
202004,"BEL",0.772405,3.401272,2.325006,
202005,"BEL",0.796453,2.990246,2.303601,
202006,"BEL",0.758306,2.902229,2.218814,
202007,"BEL",0.846842,2.963336,2.434195,
202008,"BEL",0.830650,2.872789,2.157241,
202009,"BEL",0.703362,3.270796,2.262274,
202010,"BEL",0.820862,3.291930,2.979849,
202011,"BEL",0.798840,3.034329,3.533117,
202012,"BEL",0.846360,3.523649,4.288323,
202101,"BEL",0.870910,3.535517,4.860046,
202102,"BEL",0.666908,3.476643,4.033739,
202103,"BEL",0.815117,3.724345,3.895193,
202104,"BEL",1.007770,3.559078,3.456077,
202105,"BEL",0.931734,3.448364,2.572179,
202106,"BEL",0.974796,3.387986,1.903949,
202107,"BEL",1.005370,3.119126,1.824130,
202108,"BEL",1.101680,3.229102,1.818236,
202109,"BEL",0.934999,3.513187,1.840773,
202110,"BEL",1.072338,3.738080,2.558117,
202111,"BEL",1.010298,3.524451,3.824049,
202112,"BEL",1.198874,3.951850,4.030300,
202201,"BEL",0.987989,3.675114,4.377607,
202202,"BEL",0.914057,3.656498,3.324887,
202203,"BEL",1.076802,3.929173,3.039319,
202204,"BEL",0.956319,3.158036,2.507507,
202205,"BEL",0.918722,3.196203,1.989158,
202206,"BEL",0.896129,3.168514,1.818600,
202207,"BEL",1.015759,3.137262,1.775278,
202208,"BEL",1.057749,3.385241,1.891523,
202209,"BEL",0.965465,3.546498,1.968129,
202210,"BEL",1.012958,3.418604,2.279115,
202211,"BEL",0.964798,3.418238,2.674660,
202212,"BEL",1.045981,3.793396,3.744247,
202301,"BEL",1.065303,3.504430,3.651475,
202302,"BEL",0.935872,3.514335,3.348560,
202303,"BEL",1.081506,3.748454,3.311033,
202304,"BEL",0.966227,3.459399,2.557991,
202305,"BEL",1.036504,3.443918,1.832056,
202306,"BEL",0.853567,3.263191,1.689579,
202307,"BEL",0.853021,2.958467,1.539149,
202308,"BEL",0.925359,3.196031,1.641589,
202309,"BEL",0.625727,3.291000,1.678440,
202310,"BEL",0.604982,3.707524,2.020633,
202311,"BEL",0.593714,3.578961,2.938940,
202312,"BEL",0.713395,3.513629,3.271296,
202401,"BEL",0.853576,3.654178,4.017185,
202402,"BEL",0.927696,3.418543,2.864831,
202403,"BEL",1.010460,3.433246,2.799480,
202404,"BEL",1.070514,3.372334,2.325607,
202405,"BEL",0.984443,3.450019,1.692330,
202406,"BEL",0.910730,3.288621,1.564815,
202407,"BEL",0.989219,3.235118,1.446414,
202408,"BEL",1.015157,3.431113,1.381325,
202409,"BEL",0.963458,3.648627,1.650359,
202410,"BEL",1.065848,3.797639,2.128688,
202411,"BEL",0.997239,3.376166,3.258644,
202412,"BEL",1.023431,3.405990,3.512635,
202501,"BEL",1.101117,3.679644,4.067754,
202502,"BEL",0.982057,3.498482,3.532972,
202503,"BEL",1.094249,3.601560,2.842114,
202504,"BEL",0.998234,3.736293,2.129867,
202505,"BEL",1.103124,3.525256,1.704725,
202506,"BEL",1.080609,3.395750,1.495288,
202507,"BEL",1.079308,3.191586,1.433749,
202508,"BEL",1.151025,2.993672,1.465894,
202509,"BEL",0.982785,3.403203,1.645000,
202510,"BEL",1.026155,3.653543,2.367490,
202511,"BEL",1.134234,3.232564,2.947316,
202512,"BEL",1.163181,3.527996,3.494903,
202601,"BEL",0.985335,3.638206,4.315683,
202602,"BEL",0.914339,3.220078,2.997760,
202603,"BEL",1.049957,3.437573,2.576492,
202604,"BEL",1.013439,3.263633,2.113841,
202605,"BEL",1.108675,3.142392,1.887972,
202606,"BEL",1.053211,3.154915,1.677740,
202607,"BEL",1.053172,3.287375,1.519705,
202608,"BEL",,,1.518555,
202609,"BEL",,,,
202610,"BEL",,,,
202611,"BEL",,,,
202612,"BEL",,,,
200801,"BGR",3.091896,1.129133,0.921209,
200802,"BGR",2.559954,0.928816,0.780487,
200803,"BGR",2.291042,1.098283,0.692852,
200804,"BGR",2.027487,1.112134,0.511981,
200805,"BGR",2.279520,1.055032,0.530469,
200806,"BGR",2.732701,0.826920,0.465586,
200807,"BGR",2.866680,0.913401,0.443727,
200808,"BGR",2.653419,0.895247,0.418348,
200809,"BGR",3.011001,0.782151,0.419042,
200810,"BGR",2.863445,0.973205,0.401000,
200811,"BGR",3.043995,1.041713,0.489130,
200812,"BGR",3.067931,1.066242,0.651116,
200901,"BGR",3.244909,1.124359,0.493956,
200902,"BGR",2.594116,0.800601,0.585669,
200903,"BGR",2.129482,0.916015,0.562454,
200904,"BGR",1.715092,0.961901,0.366641,
200905,"BGR",1.693430,1.251810,0.286432,
200906,"BGR",1.657224,1.074489,0.250882,
200907,"BGR",1.957559,0.929647,0.300642,
200908,"BGR",1.709918,0.596223,0.274461,
200909,"BGR",2.274700,1.053886,0.347903,
200910,"BGR",3.094610,0.934079,0.393031,
200911,"BGR",2.717257,0.788390,0.533670,
200912,"BGR",2.485822,0.898567,0.653802,
201001,"BGR",2.494495,0.980066,0.725744,
201002,"BGR",2.499310,0.637027,0.587170,
201003,"BGR",2.000577,1.027237,0.609560,
201004,"BGR",1.231431,1.040617,0.450312,
201005,"BGR",1.717942,0.957889,0.273969,
201006,"BGR",2.254693,0.722719,0.273213,
201007,"BGR",2.548787,0.707714,0.262573,
201008,"BGR",2.458392,0.863927,0.283147,
201009,"BGR",2.763284,1.124048,0.301452,
201010,"BGR",3.554418,0.955731,0.423535,
201011,"BGR",3.103817,1.012750,0.494839,
201012,"BGR",2.667348,0.896203,0.704665,
201101,"BGR",2.881010,0.693611,0.796681,
201102,"BGR",2.997920,0.416673,0.718729,
201103,"BGR",2.647708,0.773032,0.692955,
201104,"BGR",2.592503,0.728928,0.499153,
201105,"BGR",3.148797,0.828179,0.434167,
201106,"BGR",2.320065,0.712344,0.350546,
201107,"BGR",2.503437,0.878243,0.365506,
201108,"BGR",2.748167,1.042314,0.409548,
201109,"BGR",2.736862,0.906075,0.258001,
201110,"BGR",3.288610,1.204467,0.376110,
201111,"BGR",3.457389,0.948769,0.595267,
201112,"BGR",3.158858,0.983782,0.654216,
201201,"BGR",2.835965,0.778546,0.815387,
201202,"BGR",2.959405,0.718229,0.794102,
201203,"BGR",2.608907,0.824255,0.614409,
201204,"BGR",1.831633,0.835147,0.411423,
201205,"BGR",2.266266,1.088310,0.377688,
201206,"BGR",1.613914,0.814879,0.333281,
201207,"BGR",2.503942,0.894138,0.254852,
201208,"BGR",2.347089,1.041131,0.241828,
201209,"BGR",2.601118,1.059187,0.306832,
201210,"BGR",2.661687,0.827426,0.376253,
201211,"BGR",2.270670,0.900833,0.547914,
201212,"BGR",2.911711,0.865224,0.679176,
201301,"BGR",2.670480,0.570946,0.733998,
201302,"BGR",1.963332,0.657368,0.629707,
201303,"BGR",1.091955,0.682746,0.621629,
201304,"BGR",1.227143,0.803982,0.459694,
201305,"BGR",0.916089,0.910384,0.381827,
201306,"BGR",1.518527,0.759766,0.341799,
201307,"BGR",1.667242,0.837029,0.289576,
201308,"BGR",2.466367,0.932025,0.266539,
201309,"BGR",2.252588,0.882912,0.314228,
201310,"BGR",3.395757,0.850305,0.351442,
201311,"BGR",2.650010,0.906583,0.524296,
201312,"BGR",3.177718,0.801898,0.697150,
201401,"BGR",2.993577,0.719694,0.691554,
201402,"BGR",2.364656,0.812454,0.584962,
201403,"BGR",1.831137,0.761730,0.550838,
201404,"BGR",1.954783,0.835705,0.459805,
201405,"BGR",2.051841,0.929700,0.402949,
201406,"BGR",1.469850,0.870724,0.314606,
201407,"BGR",1.836966,1.017443,0.285545,
201408,"BGR",2.039939,1.018493,0.305640,
201409,"BGR",2.216216,1.019852,0.324785,
201410,"BGR",2.529477,0.936163,0.418614,
201411,"BGR",2.451992,0.728328,0.573148,
201412,"BGR",2.839046,0.923339,0.689866,
201501,"BGR",2.852001,0.589712,0.685749,
201502,"BGR",2.553540,0.893369,0.607653,
201503,"BGR",1.923760,0.987158,0.588052,
201504,"BGR",2.177764,0.885923,0.471060,
201505,"BGR",1.736241,0.922969,0.408208,
201506,"BGR",1.659279,0.945796,0.389165,
201507,"BGR",2.211078,1.068795,0.368248,
201508,"BGR",2.467037,1.100874,0.372908,
201509,"BGR",2.660572,0.893451,0.334113,
201510,"BGR",2.329971,1.009420,0.455208,
201511,"BGR",2.359065,1.081606,0.561007,
201512,"BGR",2.747851,1.119118,0.698664,
201601,"BGR",2.689284,0.743139,0.756129,
201602,"BGR",2.104238,0.722523,0.565985,
201603,"BGR",1.508678,0.973711,0.553136,
201604,"BGR",1.504960,1.040640,0.430608,
201605,"BGR",1.522490,0.986813,0.416391,
201606,"BGR",1.442979,0.852985,0.370663,
201607,"BGR",1.856580,1.310727,0.314528,
201608,"BGR",1.821346,1.141104,0.314040,
201609,"BGR",1.899760,0.990721,0.366412,
201610,"BGR",2.630242,1.045997,0.504721,
201611,"BGR",2.596795,1.079211,0.609173,
201612,"BGR",2.577359,1.010465,0.743378,
201701,"BGR",2.495788,0.801344,0.868263,
201702,"BGR",2.506553,0.793758,0.659536,
201703,"BGR",1.846189,0.927021,0.569001,
201704,"BGR",1.789365,1.076211,0.484754,
201705,"BGR",2.161726,0.971525,0.398590,
201706,"BGR",1.842860,1.120757,0.395741,
201707,"BGR",1.962486,0.990847,0.328147,
201708,"BGR",1.992751,1.213596,0.304518,
201709,"BGR",2.236054,1.169567,0.339887,
201710,"BGR",2.501418,1.142473,0.464613,
201711,"BGR",2.137235,1.013646,0.579366,
201712,"BGR",2.319684,0.956126,0.660764,
201801,"BGR",2.072193,0.776844,0.722468,
201802,"BGR",1.769018,0.856675,0.656197,
201803,"BGR",1.721216,1.022986,0.612282,
201804,"BGR",1.152969,1.026391,0.373778,
201805,"BGR",1.392644,0.997692,0.383813,
201806,"BGR",1.761293,1.118083,0.348690,
201807,"BGR",1.670386,1.159936,0.310289,
201808,"BGR",1.637478,1.222548,0.294491,
201809,"BGR",2.063201,1.086522,0.337066,
201810,"BGR",2.299554,1.159381,0.427132,
201811,"BGR",2.154428,0.991156,0.574874,
201812,"BGR",2.418937,0.960030,0.755851,
201901,"BGR",2.581299,0.953084,0.719870,
201902,"BGR",2.034092,0.884586,0.586348,
201903,"BGR",1.620339,1.034808,0.516496,
201904,"BGR",1.380409,1.154922,0.459482,
201905,"BGR",1.745975,1.053313,0.369516,
201906,"BGR",1.161557,1.093209,0.312836,
201907,"BGR",1.522561,1.212865,0.330477,
201908,"BGR",1.536553,1.219891,0.271705,
201909,"BGR",1.687544,1.145280,0.290773,
201910,"BGR",1.997346,1.117871,0.330335,
201911,"BGR",1.701906,1.006532,0.466140,
201912,"BGR",1.836746,1.036950,0.611835,
202001,"BGR",1.649058,1.048939,0.630296,
202002,"BGR",1.674737,0.887455,0.558465,
202003,"BGR",1.445939,0.870471,0.530040,
202004,"BGR",1.276066,0.688806,0.404054,
202005,"BGR",0.932450,0.942367,0.322472,
202006,"BGR",1.020573,1.057734,0.321431,
202007,"BGR",1.133452,1.114068,0.300199,
202008,"BGR",1.293897,1.254681,0.272391,
202009,"BGR",1.125606,1.134820,0.300204,
202010,"BGR",1.506579,1.154136,0.430944,
202011,"BGR",1.488191,1.001666,0.561358,
202012,"BGR",1.657480,0.911777,0.678141,
202101,"BGR",1.444806,0.839648,0.697190,
202102,"BGR",1.435472,0.932163,0.635846,
202103,"BGR",1.479420,0.958550,0.690002,
202104,"BGR",1.330639,1.174391,0.537982,
202105,"BGR",1.625842,1.009649,0.431203,
202106,"BGR",0.772558,1.085609,0.421892,
202107,"BGR",1.491107,1.231633,0.476937,
202108,"BGR",1.942646,1.177621,0.356994,
202109,"BGR",1.982206,1.138555,0.377075,
202110,"BGR",2.375339,1.115202,0.440642,
202111,"BGR",2.240037,0.974736,0.521396,
202112,"BGR",2.303261,1.109965,0.670442,
202201,"BGR",2.560164,1.019290,0.694721,
202202,"BGR",2.360818,0.972565,0.572506,
202203,"BGR",2.541439,1.364049,0.628801,
202204,"BGR",1.833099,1.013879,0.367009,
202205,"BGR",1.967730,1.042257,0.364233,
202206,"BGR",1.686486,1.127208,0.330034,
202207,"BGR",1.939254,1.189349,0.347457,
202208,"BGR",1.700749,1.205176,0.248185,
202209,"BGR",2.017340,1.061780,0.262770,
202210,"BGR",1.998379,1.105093,0.274262,
202211,"BGR",2.184511,1.051622,0.414281,
202212,"BGR",2.278380,1.236935,0.513944,
202301,"BGR",1.797743,0.990429,0.477747,
202302,"BGR",1.595214,1.072725,0.472302,
202303,"BGR",1.159349,0.939559,0.476614,
202304,"BGR",0.868617,0.907532,0.387927,
202305,"BGR",0.674029,1.059265,0.271237,
202306,"BGR",0.564344,1.094299,0.265413,
202307,"BGR",1.273892,1.379423,0.329155,
202308,"BGR",0.899511,1.328874,0.304078,
202309,"BGR",0.941199,1.138667,0.324974,
202310,"BGR",1.279687,1.149770,0.349541,
202311,"BGR",1.478949,1.141986,0.477008,
202312,"BGR",1.428375,0.973777,0.533685,
202401,"BGR",1.118345,1.090640,0.539971,
202402,"BGR",0.749478,0.970570,0.452831,
202403,"BGR",0.832021,1.131635,0.496298,
202404,"BGR",0.550435,0.974472,0.373748,
202405,"BGR",0.386265,1.143935,0.375123,
202406,"BGR",0.457199,1.114688,0.335795,
202407,"BGR",1.000102,1.334107,0.281953,
202408,"BGR",0.883909,1.415848,0.335064,
202409,"BGR",0.992615,1.066261,0.347076,
202410,"BGR",1.083853,1.300043,0.400400,
202411,"BGR",1.390565,1.247415,0.530109,
202412,"BGR",1.506047,1.090744,0.539742,
202501,"BGR",1.731384,1.176540,0.543159,
202502,"BGR",1.688946,1.143748,0.559983,
202503,"BGR",0.921197,1.142839,0.474668,
202504,"BGR",0.712702,0.761057,0.400139,
202505,"BGR",0.502163,1.325930,0.330860,
202506,"BGR",0.699061,1.038943,0.273747,
202507,"BGR",0.958513,1.231905,0.291601,
202508,"BGR",0.787981,1.372766,0.283633,
202509,"BGR",0.560798,1.190680,0.328883,
202510,"BGR",1.111856,1.217713,0.422983,
202511,"BGR",1.129437,1.143101,0.481699,
202512,"BGR",1.309471,1.172317,0.572464,
202601,"BGR",1.500483,1.017655,0.653724,
202602,"BGR",0.967050,0.941805,0.570407,
202603,"BGR",0.761237,1.146142,0.568592,
202604,"BGR",0.518683,0.932641,0.449823,
202605,"BGR",0.657647,1.162405,0.398440,
202606,"BGR",0.795513,1.104206,0.280080,
202607,"BGR",,1.395832,0.302678,
202608,"BGR",,,0.278180,
202609,"BGR",,,,
202610,"BGR",,,,
202611,"BGR",,,,
202612,"BGR",,,,
200801,"CZE",7.542831,1.734543,2.476578,
200802,"CZE",7.152270,1.816369,2.097990,
200803,"CZE",6.921363,1.916732,2.108702,
200804,"CZE",6.807053,2.004928,1.411933,
200805,"CZE",6.122839,1.978040,0.870570,
200806,"CZE",5.841243,1.876685,0.643783,
200807,"CZE",5.587710,1.986544,0.635213,
200808,"CZE",5.905520,1.984322,0.608667,
200809,"CZE",6.118358,2.077438,1.000372,
200810,"CZE",6.371173,1.922188,1.436179,
200811,"CZE",7.299628,1.845577,1.822971,
200812,"CZE",6.989606,1.753690,2.184629,
200901,"CZE",8.211145,1.629907,2.738174,
200902,"CZE",7.199281,1.525211,2.198660,
200903,"CZE",6.066984,1.855723,1.932300,
200904,"CZE",5.233709,1.792749,0.827875,
200905,"CZE",3.807297,1.793864,0.689286,
200906,"CZE",4.643499,1.815320,0.653855,
200907,"CZE",5.054671,1.979834,0.577244,
200908,"CZE",6.735831,1.937979,0.560992,
200909,"CZE",5.613351,1.953801,0.667599,
200910,"CZE",6.685219,2.014465,1.442327,
200911,"CZE",7.384677,1.764994,1.768313,
200912,"CZE",6.651071,1.902817,2.258652,
201001,"CZE",6.510286,1.385192,2.768332,
201002,"CZE",6.221791,1.529803,2.286981,
201003,"CZE",6.858911,1.714079,1.973929,
201004,"CZE",5.561575,1.887021,1.624944,
201005,"CZE",5.378425,1.756243,0.974165,
201006,"CZE",5.398765,1.833830,0.759551,
201007,"CZE",5.515857,1.778898,0.569818,
201008,"CZE",5.968305,1.863601,0.631400,
201009,"CZE",6.586060,1.814812,0.911091,
201010,"CZE",7.243219,1.937910,1.403237,
201011,"CZE",6.915757,1.904334,1.717318,
201012,"CZE",6.394897,1.721706,2.775375,
201101,"CZE",6.756209,1.596485,2.565016,
201102,"CZE",6.140109,1.561063,2.365863,
201103,"CZE",6.676195,1.706470,1.952661,
201104,"CZE",5.782634,1.795341,1.131915,
201105,"CZE",6.198822,1.848201,0.872482,
201106,"CZE",5.750914,1.778898,0.676159,
201107,"CZE",5.029916,1.761802,0.674985,
201108,"CZE",6.139777,2.000620,0.638624,
201109,"CZE",5.801633,1.781957,0.697249,
201110,"CZE",6.348013,1.746914,1.391188,
201111,"CZE",6.780826,1.705554,2.001087,
201112,"CZE",6.344272,1.612659,1.858263,
201201,"CZE",6.488362,1.510860,2.329463,
201202,"CZE",5.972294,1.499421,2.740162,
201203,"CZE",6.871222,1.701481,1.673621,
201204,"CZE",6.218484,1.623847,1.253446,
201205,"CZE",6.238698,1.793601,0.734841,
201206,"CZE",5.567663,1.755753,0.575139,
201207,"CZE",5.163050,1.735150,0.576097,
201208,"CZE",5.389322,1.869901,0.576097,
201209,"CZE",5.285052,1.799013,0.694703,
201210,"CZE",6.003982,1.906710,1.384188,
201211,"CZE",5.847288,1.696664,1.722490,
201212,"CZE",5.722471,1.505761,2.362787,
201301,"CZE",5.878275,1.453650,2.445877,
201302,"CZE",5.411120,1.429396,2.118142,
201303,"CZE",6.015455,1.451493,2.174334,
201304,"CZE",5.141851,1.616317,1.337102,
201305,"CZE",5.482928,1.720289,0.862241,
201306,"CZE",4.815926,1.628528,0.692304,
201307,"CZE",5.076606,1.748873,0.594936,
201308,"CZE",5.231812,1.798067,0.600639,
201309,"CZE",5.127612,1.687283,0.813322,
201310,"CZE",6.219403,1.963678,1.301629,
201311,"CZE",6.113576,1.766363,1.814683,
201312,"CZE",6.355386,1.489604,2.077907,
201401,"CZE",5.682309,1.465278,2.185285,
201402,"CZE",5.580265,1.453729,1.834396,
201403,"CZE",5.846235,1.737283,1.616214,
201404,"CZE",5.391678,1.723331,1.033731,
201405,"CZE",5.130401,1.711170,0.916540,
201406,"CZE",4.524915,1.792365,0.656543,
201407,"CZE",4.397871,1.844781,0.632084,
201408,"CZE",4.993972,1.875062,0.635608,
201409,"CZE",5.625463,1.840564,0.782623,
201410,"CZE",5.874778,1.985136,1.201786,
201411,"CZE",5.860101,1.708870,1.592545,
201412,"CZE",5.997267,1.660237,2.025278,
201501,"CZE",5.498780,1.606851,2.225071,
201502,"CZE",5.125835,1.602244,2.035913,
201503,"CZE",5.532263,1.749882,1.768392,
201504,"CZE",5.524784,1.818976,1.327375,
201505,"CZE",4.715001,1.768673,0.865264,
201506,"CZE",5.016530,1.873687,0.684227,
201507,"CZE",4.572255,1.964134,0.635765,
201508,"CZE",4.966644,1.838085,0.603597,
201509,"CZE",5.266542,1.893635,0.761009,
201510,"CZE",5.740809,1.873374,1.453357,
201511,"CZE",5.733321,1.719129,1.670464,
201512,"CZE",6.628902,1.597792,1.870696,
201601,"CZE",5.582982,1.507903,2.418937,
201602,"CZE",5.404291,1.562340,1.823742,
201603,"CZE",5.731106,1.592522,1.835872,
201604,"CZE",5.092214,1.776304,1.250049,
201605,"CZE",4.818769,1.846815,0.866163,
201606,"CZE",4.696491,1.774721,0.670524,
201607,"CZE",4.730272,1.879190,0.628044,
201608,"CZE",5.097448,1.800383,0.681405,
201609,"CZE",5.414576,1.932459,0.838988,
201610,"CZE",6.157858,1.912586,1.580469,
201611,"CZE",6.289753,1.968874,1.997048,
201612,"CZE",5.712144,1.785534,2.400664,
201701,"CZE",6.106590,1.574975,3.004184,
201702,"CZE",6.093575,1.529778,2.109929,
201703,"CZE",6.104749,1.815186,1.679061,
201704,"CZE",5.325796,1.810630,1.419239,
201705,"CZE",4.792568,1.958442,0.899542,
201706,"CZE",4.226707,1.871542,0.729183,
201707,"CZE",3.714918,1.893225,0.721992,
201708,"CZE",4.770867,2.036841,0.675780,
201709,"CZE",5.039752,1.957324,0.963043,
201710,"CZE",6.052330,2.022083,1.351402,
201711,"CZE",6.189324,1.924779,1.942636,
201712,"CZE",5.889618,1.723960,2.216734,
201801,"CZE",5.727273,1.624696,2.190523,
201802,"CZE",5.303790,1.687889,2.329444,
201803,"CZE",6.028413,1.790307,2.232126,
201804,"CZE",5.080913,1.795116,0.939080,
201805,"CZE",4.821435,1.977333,0.694237,
201806,"CZE",4.637417,1.919947,0.679128,
201807,"CZE",4.851955,1.955628,0.677292,
201808,"CZE",5.570712,1.988995,0.674879,
201809,"CZE",4.984942,1.792949,0.801261,
201810,"CZE",5.457342,2.092117,1.325730,
201811,"CZE",5.475313,1.982076,1.848362,
201812,"CZE",5.633716,1.722585,2.248442,
201901,"CZE",5.166761,1.688942,2.588201,
201902,"CZE",5.236667,1.634593,2.013149,
201903,"CZE",5.578218,1.865433,1.698044,
201904,"CZE",4.974516,1.891917,1.223092,
201905,"CZE",4.559811,1.958318,1.126017,
201906,"CZE",4.231073,1.907079,0.784635,
201907,"CZE",4.022050,1.993339,0.795636,
201908,"CZE",4.415509,2.004910,0.789432,
201909,"CZE",4.448472,1.928420,0.968047,
201910,"CZE",4.798304,2.027171,1.439401,
201911,"CZE",4.996479,1.863533,1.818372,
201912,"CZE",5.040426,1.683802,2.116794,
202001,"CZE",5.346785,1.709600,2.405139,
202002,"CZE",4.697872,1.723104,1.941534,
202003,"CZE",4.715675,1.618377,1.815954,
202004,"CZE",3.938771,1.343558,1.149609,
202005,"CZE",3.401532,1.655473,0.987573,
202006,"CZE",3.204523,1.776171,0.817844,
202007,"CZE",2.949180,2.004426,0.841525,
202008,"CZE",3.576957,1.984736,0.798063,
202009,"CZE",3.677766,1.989550,0.840729,
202010,"CZE",4.370648,1.903734,1.481794,
202011,"CZE",4.761098,1.812349,2.033148,
202012,"CZE",5.085858,1.543791,2.334742,
202101,"CZE",4.873836,1.503460,2.580023,
202102,"CZE",4.197606,1.518014,2.366314,
202103,"CZE",4.664829,1.609438,2.199816,
202104,"CZE",3.987375,1.698353,1.774447,
202105,"CZE",3.382668,1.895608,1.187619,
202106,"CZE",3.299306,1.970383,0.834367,
202107,"CZE",3.704482,2.121945,0.790554,
202108,"CZE",4.045353,2.158792,0.748829,
202109,"CZE",4.074358,2.122423,0.878780,
202110,"CZE",4.991090,2.187470,1.419207,
202111,"CZE",5.186953,1.980066,1.989224,
202112,"CZE",4.998194,1.763000,2.275364,
202201,"CZE",5.009261,1.769559,2.308453,
202202,"CZE",4.594229,1.747039,1.833483,
202203,"CZE",4.821828,1.948400,1.863401,
202204,"CZE",4.075084,1.717660,1.422449,
202205,"CZE",3.960824,1.880075,0.810303,
202206,"CZE",4.019576,2.012266,0.704386,
202207,"CZE",4.139066,1.882417,0.641612,
202208,"CZE",4.275828,1.999009,0.641494,
202209,"CZE",4.182622,2.002101,0.828373,
202210,"CZE",4.480986,2.119866,1.108254,
202211,"CZE",4.536303,1.961128,1.601810,
202212,"CZE",4.813507,1.802728,2.041283,
202301,"CZE",4.710986,1.702808,1.837425,
202302,"CZE",4.193187,1.758718,1.779088,
202303,"CZE",4.011139,1.992901,1.588849,
202304,"CZE",3.670729,1.815443,1.258747,
202305,"CZE",2.883692,2.059694,0.764618,
202306,"CZE",2.479334,2.071288,0.663543,
202307,"CZE",3.040541,2.160215,0.599038,
202308,"CZE",3.220451,1.987523,0.598436,
202309,"CZE",3.630268,2.024930,0.643752,
202310,"CZE",3.978241,2.000319,0.980348,
202311,"CZE",3.526841,1.979978,1.519805,
202312,"CZE",3.717317,1.798139,1.825723,
202401,"CZE",3.507381,1.869540,2.193580,
202402,"CZE",3.378038,1.785435,1.483883,
202403,"CZE",3.084753,1.956888,1.392677,
202404,"CZE",2.451775,2.041671,0.986439,
202405,"CZE",2.530014,2.026750,0.687359,
202406,"CZE",2.331450,1.975792,0.635505,
202407,"CZE",2.568171,2.099055,0.564556,
202408,"CZE",2.638226,2.050839,0.598733,
202409,"CZE",2.899199,2.067574,0.701202,
202410,"CZE",3.461335,2.196783,1.186170,
202411,"CZE",3.842158,2.136284,1.808164,
202412,"CZE",3.604475,1.830387,1.977671,
202501,"CZE",3.712452,1.774943,2.194844,
202502,"CZE",3.594179,1.762217,2.010186,
202503,"CZE",3.651408,2.004691,1.573893,
202504,"CZE",3.212161,1.970073,1.057918,
202505,"CZE",2.445834,1.959837,0.879433,
202506,"CZE",2.090724,2.078796,0.628688,
202507,"CZE",2.745138,2.175316,0.617056,
202508,"CZE",2.333118,2.063303,0.568021,
202509,"CZE",2.224381,2.108752,0.674884,
202510,"CZE",3.264249,2.065558,1.308766,
202511,"CZE",3.455204,2.056662,1.698785,
202512,"CZE",3.514304,1.861266,1.966639,
202601,"CZE",3.709855,1.816702,2.588778,
202602,"CZE",3.494722,1.809117,1.943718,
202603,"CZE",3.875063,2.139316,1.510042,
202604,"CZE",3.026009,1.909584,1.158837,
202605,"CZE",2.605314,2.019440,0.762933,
202606,"CZE",2.540484,2.136769,0.667974,
202607,"CZE",,2.298625,0.616993,
202608,"CZE",,,0.285253,
202609,"CZE",,,,
202610,"CZE",,,,
202611,"CZE",,,,
202612,"CZE",,,,
200801,"DEU",32.271664,23.708714,20.430563,
200802,"DEU",29.614339,22.276045,17.061761,
200803,"DEU",29.851156,21.987834,19.601063,
200804,"DEU",29.491947,22.711358,15.947446,
200805,"DEU",28.290796,20.717099,11.837417,
200806,"DEU",26.742396,21.590280,10.679622,
200807,"DEU",29.399979,25.270417,9.981773,
200808,"DEU",26.908045,25.492064,9.824923,
200809,"DEU",27.582401,27.615852,12.842149,
200810,"DEU",30.717731,28.674731,15.293380,
200811,"DEU",30.450934,25.429064,17.831319,
200812,"DEU",32.259977,25.503383,19.480724,
200901,"DEU",28.229616,24.883710,20.164432,
200902,"DEU",26.536266,24.390111,17.686204,
200903,"DEU",27.067735,27.505308,15.892379,
200904,"DEU",23.373513,24.007807,11.306155,
200905,"DEU",22.441234,22.465738,9.859314,
200906,"DEU",23.644605,21.934345,10.163588,
200907,"DEU",24.584207,22.838153,10.833550,
200908,"DEU",21.609108,21.124067,10.416203,
200909,"DEU",24.410790,23.826430,10.864280,
200910,"DEU",29.059488,24.155024,14.712121,
200911,"DEU",30.186959,21.797004,15.806722,
200912,"DEU",35.136385,22.830812,20.635143,
201001,"DEU",30.637827,20.883026,24.452607,
201002,"DEU",30.465284,21.689837,20.782340,
201003,"DEU",30.578644,24.103759,19.219573,
201004,"DEU",26.382493,21.015444,14.654966,
201005,"DEU",28.356218,22.531641,14.038696,
201006,"DEU",26.233525,22.860763,9.300481,
201007,"DEU",26.282639,24.140333,9.514987,
201008,"DEU",25.013749,24.657964,7.034218,
201009,"DEU",25.039650,26.025718,9.423576,
201010,"DEU",29.921159,25.360762,14.728344,
201011,"DEU",30.070895,24.218163,17.087763,
201012,"DEU",32.329135,22.976547,24.409118,
201101,"DEU",29.188971,20.996469,24.391332,
201102,"DEU",27.192020,21.790162,21.957088,
201103,"DEU",30.077211,22.627763,18.484066,
201104,"DEU",27.478985,20.093560,12.702764,
201105,"DEU",28.110553,22.673585,11.387422,
201106,"DEU",26.184099,20.125335,9.870407,
201107,"DEU",26.357070,22.962732,7.914509,
201108,"DEU",26.755593,25.635320,7.193120,
201109,"DEU",26.815234,24.123191,7.329549,
201110,"DEU",29.671746,24.800621,11.746018,
201111,"DEU",30.262668,23.656927,16.444011,
201112,"DEU",31.530328,22.556007,19.974864,
201201,"DEU",29.789250,21.104403,20.653809,
201202,"DEU",30.382320,23.500542,23.700533,
201203,"DEU",32.316155,21.527432,14.574335,
201204,"DEU",26.728503,21.108354,15.117155,
201205,"DEU",26.462618,22.502785,9.673855,
201206,"DEU",25.840843,23.912508,7.915387,
201207,"DEU",27.098524,23.706089,8.292405,
201208,"DEU",26.316253,22.173022,6.782614,
201209,"DEU",28.136745,21.803792,10.428589,
201210,"DEU",32.236034,24.769745,13.241525,
201211,"DEU",32.632348,24.132296,16.232999,
201212,"DEU",32.099705,22.139736,21.484646,
201301,"DEU",34.183044,22.199535,20.995981,
201302,"DEU",30.613650,20.868164,20.072415,
201303,"DEU",32.516783,23.793148,24.491726,
201304,"DEU",30.240483,25.514242,15.286928,
201305,"DEU",27.857543,24.273505,10.194187,
201306,"DEU",25.948161,23.621037,8.681669,
201307,"DEU",27.913475,23.917471,8.309142,
201308,"DEU",26.846575,23.473907,9.341945,
201309,"DEU",28.735021,23.580688,11.285610,
201310,"DEU",30.885174,26.397217,8.932805,
201311,"DEU",32.281732,23.588465,14.708230,
201312,"DEU",29.232198,21.276974,18.618418,
201401,"DEU",31.667095,22.027196,18.297916,
201402,"DEU",25.709864,20.002505,14.370703,
201403,"DEU",31.452488,24.278651,13.756907,
201404,"DEU",29.103012,22.650108,8.883375,
201405,"DEU",26.884829,22.303116,11.651313,
201406,"DEU",25.453827,20.706757,7.708434,
201407,"DEU",25.829234,23.309964,10.114521,
201408,"DEU",24.882115,23.316103,7.403939,
201409,"DEU",29.445575,24.032290,9.112147,
201410,"DEU",31.447203,25.309775,11.857963,
201411,"DEU",30.947223,22.710884,19.375262,
201412,"DEU",31.900010,22.780064,19.735612,
201501,"DEU",29.999877,23.069192,19.830957,
201502,"DEU",26.559847,22.235084,19.197073,
201503,"DEU",32.091052,24.005693,16.316277,
201504,"DEU",26.799024,22.499681,12.978769,
201505,"DEU",24.183624,20.707939,9.893288,
201506,"DEU",25.300229,21.737206,8.905059,
201507,"DEU",28.384181,23.673187,8.058306,
201508,"DEU",27.254924,23.331149,7.496215,
201509,"DEU",29.652172,24.222145,9.170843,
201510,"DEU",31.248830,24.494348,14.167516,
201511,"DEU",30.054450,22.793198,14.810236,
201512,"DEU",29.589239,23.633864,16.694469,
201601,"DEU",29.424476,22.918308,24.485280,
201602,"DEU",27.651338,23.856212,18.852255,
201603,"DEU",28.269890,24.780865,18.019845,
201604,"DEU",26.480466,23.117141,11.124229,
201605,"DEU",25.075452,21.413616,10.100087,
201606,"DEU",25.399304,21.554693,7.616907,
201607,"DEU",26.757332,22.305446,8.288877,
201608,"DEU",26.536546,23.474318,8.304499,
201609,"DEU",27.664519,22.903613,8.248006,
201610,"DEU",29.047741,23.888047,13.649312,
201611,"DEU",29.530952,23.894285,19.255958,
201612,"DEU",27.597609,23.923570,21.341723,
201701,"DEU",28.064506,22.861741,25.036481,
201702,"DEU",29.122172,21.279935,17.224636,
201703,"DEU",27.474377,24.985579,15.240760,
201704,"DEU",23.815672,22.441684,14.311254,
201705,"DEU",25.663342,23.899151,11.352974,
201706,"DEU",24.656891,23.167886,9.132277,
201707,"DEU",23.620809,23.281808,10.097865,
201708,"DEU",25.438085,23.654023,8.471339,
201709,"DEU",25.275224,23.142216,10.482915,
201710,"DEU",25.686492,23.580906,12.462841,
201711,"DEU",28.418899,24.318357,18.746192,
201712,"DEU",25.455846,22.490396,19.854421,
201801,"DEU",25.449034,21.336134,20.307144,
201802,"DEU",24.828942,22.125613,22.917401,
201803,"DEU",26.307538,24.241720,20.847500,
201804,"DEU",23.908170,22.391275,12.042778,
201805,"DEU",23.454374,21.740530,9.478437,
201806,"DEU",23.517842,21.390354,9.567326,
201807,"DEU",24.174376,22.082469,8.400205,1.283547
201808,"DEU",24.547360,22.860868,8.849089,1.175830
201809,"DEU",24.483278,21.614498,9.542741,1.206357
201810,"DEU",25.079588,22.874732,14.024719,1.253537
201811,"DEU",26.854668,22.111249,19.508128,1.200613
201812,"DEU",24.265466,21.852638,15.170871,0.895526
201901,"DEU",24.495089,24.138254,24.646570,0.539515
201902,"DEU",23.729835,22.388566,20.227609,0.787331
201903,"DEU",22.617923,22.435901,17.901087,1.150313
201904,"DEU",20.559927,21.929194,12.311713,1.208789
201905,"DEU",19.235343,22.234614,11.549161,1.282447
201906,"DEU",16.860531,21.871100,6.839428,1.139938
201907,"DEU",17.743129,24.313177,9.980308,1.275525
201908,"DEU",18.387997,23.336936,7.612819,1.137977
201909,"DEU",18.098728,22.003339,9.861265,1.199611
201910,"DEU",19.084545,23.443104,13.734325,1.245335
201911,"DEU",20.809992,22.116660,18.627994,1.179563
201912,"DEU",18.490926,21.866597,20.449973,0.859683
202001,"DEU",21.643478,21.058633,22.451576,0.703050
202002,"DEU",15.129433,22.324679,18.502279,0.861465
202003,"DEU",15.723370,23.470328,19.078068,1.142754
202004,"DEU",12.189202,20.637825,10.364318,1.142588
202005,"DEU",11.284526,21.435283,10.630284,1.266924
202006,"DEU",12.650507,20.307245,8.696497,1.263404
202007,"DEU",14.128093,22.258554,8.418399,1.342125
202008,"DEU",15.834341,19.023128,8.230439,1.169073
202009,"DEU",16.335882,20.301478,9.912064,1.223410
202010,"DEU",21.966968,21.788960,14.543238,1.314202
202011,"DEU",18.700679,19.425998,18.824316,1.253161
202012,"DEU",22.943717,20.856882,22.399246,0.889254
202101,"DEU",22.078218,15.840686,25.552400,0.600147
202102,"DEU",17.576588,16.115849,21.872371,0.648277
202103,"DEU",18.872522,20.181073,19.738964,1.272141
202104,"DEU",15.350726,19.705234,16.451799,1.264672
202105,"DEU",15.061447,19.295949,12.246519,1.220398
202106,"DEU",18.706964,20.385245,8.274077,1.296361
202107,"DEU",17.308448,20.806443,7.228025,1.344528
202108,"DEU",17.278918,21.130280,6.947668,1.117456
202109,"DEU",21.454975,21.405746,8.115886,1.217849
202110,"DEU",21.585692,22.977177,13.150184,1.294459
202111,"DEU",20.669868,22.123858,19.734506,1.230456
202112,"DEU",26.194993,21.908149,22.594131,0.939165
202201,"DEU",21.873416,19.950346,24.574691,0.627512
202202,"DEU",18.554464,19.449698,20.056779,0.895979
202203,"DEU",21.390781,21.762376,19.153252,1.230442
202204,"DEU",19.957283,19.545223,14.109337,1.135998
202205,"DEU",19.420739,20.198704,8.731319,1.213880
202206,"DEU",20.525137,21.232491,7.039034,1.130689
202207,"DEU",18.578971,21.508979,7.423059,1.200554
202208,"DEU",17.934647,22.313089,6.072957,1.059318
202209,"DEU",20.055623,19.781023,8.608474,1.095184
202210,"DEU",19.291408,20.064762,10.190982,1.131278
202211,"DEU",22.075035,20.809219,14.389710,1.110284
202212,"DEU",19.770892,20.734226,20.174648,0.817650
202301,"DEU",21.826754,17.925498,22.338339,0.536755
202302,"DEU",18.613613,18.962041,17.674298,0.760192
202303,"DEU",19.167977,21.301368,16.619394,1.047421
202304,"DEU",15.309669,18.667289,12.711521,0.949827
202305,"DEU",12.904936,21.001736,8.723811,0.999661
202306,"DEU",12.165011,19.717117,6.579984,1.038623
202307,"DEU",12.187793,19.239595,6.532732,1.054417
202308,"DEU",11.952401,19.442981,6.538455,0.888696
202309,"DEU",13.327813,18.893315,7.052868,0.964138
202310,"DEU",16.019306,20.678262,9.997405,0.968989
202311,"DEU",15.988547,20.172622,16.301417,0.889386
202312,"DEU",15.822847,20.454951,18.811585,0.600018
202401,"DEU",17.825121,18.134348,22.595465,0.358401
202402,"DEU",14.381164,18.134179,15.874133,0.725885
202403,"DEU",14.165287,19.051456,15.002231,0.924547
202404,"DEU",11.095713,20.216712,12.035107,0.920257
202405,"DEU",11.355434,19.882432,8.324741,0.874059
202406,"DEU",12.071886,20.046306,7.321929,0.993824
202407,"DEU",12.100844,20.671628,6.860833,1.021867
202408,"DEU",12.503957,19.900727,6.682237,0.882659
202409,"DEU",13.873751,19.814287,7.899796,0.938818
202410,"DEU",15.611194,20.773224,10.464329,1.010837
202411,"DEU",16.962604,19.687474,17.984449,0.928842
202412,"DEU",16.079708,18.235748,21.368464,0.638236
202501,"DEU",17.175734,18.196461,22.722460,0.459228
202502,"DEU",15.891596,17.775461,21.553410,0.616113
202503,"DEU",14.632609,19.600331,16.347682,0.915884
202504,"DEU",12.422702,19.617718,10.930617,0.948242
202505,"DEU",11.800471,20.439850,8.813790,0.961631
202506,"DEU",9.888762,17.536999,6.338936,0.898742
202507,"DEU",12.677783,20.800173,6.509880,1.020636
202508,"DEU",11.073284,19.529620,6.452220,0.877476
202509,"DEU",12.674171,20.323772,7.351853,0.929623
202510,"DEU",13.591236,21.253978,13.313300,1.004370
202511,"DEU",14.956643,19.630257,18.055399,0.946012
202512,"DEU",13.388881,20.066650,21.091247,0.656775
202601,"DEU",15.460436,17.989121,25.593489,0.349280
202602,"DEU",14.562213,17.320907,19.567642,0.617771
202603,"DEU",14.406684,17.202469,15.143726,0.974166
202604,"DEU",11.507312,16.187113,11.790213,0.969005
202605,"DEU",11.793618,17.983283,9.012183,0.947564
202606,"DEU",11.783982,18.182427,6.793041,0.963163
202607,"DEU",,,6.387874,1.149501
202608,"DEU",,,7.158761,
202609,"DEU",,,,
202610,"DEU",,,,
202611,"DEU",,,,
202612,"DEU",,,,
200801,"DNK",1.481911,1.933808,1.270042,
200802,"DNK",1.404715,1.934636,1.082195,
200803,"DNK",1.261569,1.981873,1.127243,
200804,"DNK",1.158329,2.151894,0.856589,
200805,"DNK",1.314770,1.856902,0.592333,
200806,"DNK",0.916997,1.723329,0.380782,
200807,"DNK",0.893367,1.793844,0.504755,
200808,"DNK",0.815329,1.827086,0.560711,
200809,"DNK",1.421129,1.991477,0.580534,
200810,"DNK",1.685795,2.167031,0.773940,
200811,"DNK",1.882871,1.989297,0.968972,
200812,"DNK",1.896940,1.965545,1.128187,
200901,"DNK",1.896210,2.019224,1.211742,
200902,"DNK",1.706871,1.753995,1.109524,
200903,"DNK",1.621001,2.133073,0.933182,
200904,"DNK",1.163442,1.843156,0.668928,
200905,"DNK",0.912113,1.632568,0.600921,
200906,"DNK",1.053166,1.884155,0.560645,
200907,"DNK",1.013988,1.740376,0.449148,
200908,"DNK",0.866217,1.779397,0.482686,
200909,"DNK",1.244714,1.825684,0.484914,
200910,"DNK",1.345883,1.939156,0.831275,
200911,"DNK",1.368169,1.778460,0.870876,
200912,"DNK",1.592703,1.966275,1.207958,
201001,"DNK",1.740476,1.770240,1.450321,
201002,"DNK",1.775691,1.695631,1.272523,
201003,"DNK",1.644221,1.946911,1.165378,
201004,"DNK",1.235722,1.691962,0.836219,
201005,"DNK",0.965737,1.714228,0.726275,
201006,"DNK",0.787313,1.713567,0.524062,
201007,"DNK",0.792008,1.576211,0.372649,
201008,"DNK",0.949304,1.882634,0.316407,
201009,"DNK",1.034656,1.970670,0.601868,
201010,"DNK",1.351754,1.875282,0.752193,
201011,"DNK",1.403244,1.636530,1.055019,
201012,"DNK",1.670881,2.471925,1.481941,
201101,"DNK",1.728329,1.756380,1.315183,
201102,"DNK",1.479777,1.614654,1.235822,
201103,"DNK",1.470461,1.906939,1.128830,
201104,"DNK",1.165357,1.740912,0.679493,
201105,"DNK",0.961894,1.816825,0.565379,
201106,"DNK",0.847115,1.472376,0.458975,
201107,"DNK",0.722839,1.494127,0.381382,
201108,"DNK",0.809851,1.658069,0.434235,
201109,"DNK",0.572289,1.876496,0.504921,
201110,"DNK",0.900683,1.855771,0.716764,
201111,"DNK",1.150728,1.832460,0.848015,
201112,"DNK",1.105639,1.890109,0.702734,
201201,"DNK",1.324371,1.588076,0.723068,
201202,"DNK",1.362154,1.682343,0.274346,
201203,"DNK",0.799979,1.715278,0.921587,
201204,"DNK",0.823209,1.572979,0.828514,
201205,"DNK",0.609490,1.655850,0.733142,
201206,"DNK",0.490161,1.655336,0.495586,
201207,"DNK",0.326079,1.549004,0.622549,
201208,"DNK",0.479400,1.774191,0.689945,
201209,"DNK",0.641398,1.708650,0.442973,
201210,"DNK",0.894609,1.745972,0.703906,
201211,"DNK",0.956477,1.654291,0.814170,
201212,"DNK",1.370832,1.650439,1.154215,
201301,"DNK",1.451836,1.725672,1.132432,
201302,"DNK",1.503618,1.487305,1.045783,
201303,"DNK",1.415355,1.610918,1.069955,
201304,"DNK",1.099465,1.751516,0.703539,
201305,"DNK",0.846289,1.678250,0.458494,
201306,"DNK",0.759528,1.516107,0.356635,
201307,"DNK",0.876484,1.613888,0.301736,
201308,"DNK",0.876484,1.758429,0.341322,
201309,"DNK",0.785899,1.618069,0.433707,
201310,"DNK",0.854898,1.723640,0.551442,
201311,"DNK",1.163819,1.590036,0.726328,
201312,"DNK",1.121190,1.500462,0.808010,
201401,"DNK",1.206041,1.529461,0.978298,
201402,"DNK",0.980627,1.385058,0.764899,
201403,"DNK",0.805305,1.610913,0.697890,
201404,"DNK",0.663358,1.591576,0.578241,
201405,"DNK",0.629205,1.538765,0.465804,
201406,"DNK",0.581390,1.520107,0.346102,
201407,"DNK",0.650475,1.600716,0.281777,
201408,"DNK",0.757490,1.628267,0.341891,
201409,"DNK",1.177219,1.672653,0.381581,
201410,"DNK",0.822021,1.663470,0.488912,
201411,"DNK",0.828074,1.790941,0.644724,
201412,"DNK",1.042103,1.552779,0.839699,
201501,"DNK",1.136982,1.566204,0.866597,
201502,"DNK",1.024975,1.400369,0.840255,
201503,"DNK",0.817263,1.619443,0.743809,
201504,"DNK",0.467050,1.604643,0.565715,
201505,"DNK",0.256923,1.576667,0.469164,
201506,"DNK",0.540414,1.738695,0.396803,
201507,"DNK",0.276245,1.644198,0.300987,
201508,"DNK",0.295567,1.802560,0.348895,
201509,"DNK",0.355949,1.673302,0.409817,
201510,"DNK",0.530753,1.698584,0.590902,
201511,"DNK",0.732729,1.541165,0.676434,
201512,"DNK",0.807602,1.605290,0.695324,
201601,"DNK",0.942992,1.472496,1.018057,
201602,"DNK",0.977520,1.479316,0.774085,
201603,"DNK",1.016982,1.609397,0.748426,
201604,"DNK",0.679092,1.626073,0.592210,
201605,"DNK",0.333803,1.679338,0.376053,
201606,"DNK",0.380664,1.751362,0.344768,
201607,"DNK",0.558241,1.625933,0.292451,
201608,"DNK",0.597703,1.802178,0.323578,
201609,"DNK",0.582905,1.735922,0.317584,
201610,"DNK",0.716933,1.677830,0.583009,
201611,"DNK",0.896977,1.690422,0.851010,
201612,"DNK",0.729265,1.601166,0.787756,
201701,"DNK",0.847282,1.669279,0.935740,
201702,"DNK",0.830130,1.413404,0.819636,
201703,"DNK",0.834608,1.705527,0.748833,
201704,"DNK",0.485394,1.542481,0.576694,
201705,"DNK",0.389113,1.712902,0.408902,
201706,"DNK",0.187014,1.717643,0.331918,
201707,"DNK",0.217843,1.633640,0.289551,
201708,"DNK",0.356268,1.626982,0.331552,
201709,"DNK",0.462805,1.701289,0.397537,
201710,"DNK",0.464941,1.798983,0.464885,
201711,"DNK",0.565114,1.749460,0.649959,
201712,"DNK",0.612313,1.646550,0.720553,
201801,"DNK",0.667546,1.562696,0.864668,
201802,"DNK",0.831552,1.533013,0.876625,
201803,"DNK",1.081677,1.726492,0.891939,
201804,"DNK",0.599543,1.696368,0.482603,
201805,"DNK",0.337631,1.751046,0.328099,
201806,"DNK",0.149744,1.492611,0.271562,
201807,"DNK",0.309207,1.667303,0.261388,
201808,"DNK",0.330821,1.700991,0.282838,
201809,"DNK",0.338191,1.611688,0.360405,
201810,"DNK",0.468755,1.893309,0.480610,
201811,"DNK",0.512959,1.758411,0.666162,
201812,"DNK",0.733966,1.574069,0.716457,
201901,"DNK",0.760994,1.503166,0.818625,
201902,"DNK",0.590443,1.368933,0.634561,
201903,"DNK",0.483371,1.556321,0.617220,
201904,"DNK",0.343323,1.734606,0.452795,
201905,"DNK",0.190343,1.920825,0.424016,
201906,"DNK",0.068173,1.774664,0.302055,
201907,"DNK",0.043445,1.596311,0.294064,
201908,"DNK",0.064535,1.751278,0.331409,
201909,"DNK",0.091171,1.589058,0.356950,
201910,"DNK",0.177862,1.738623,0.521793,
201911,"DNK",0.340135,1.624620,0.636807,
201912,"DNK",0.434585,1.527428,0.633360,
202001,"DNK",0.434135,1.621673,0.556677,
202002,"DNK",0.460783,1.610344,0.549160,
202003,"DNK",0.407261,1.508732,0.533367,
202004,"DNK",0.152496,1.431026,0.389947,
202005,"DNK",0.243281,1.465230,0.324483,
202006,"DNK",0.168387,1.474536,0.277229,
202007,"DNK",0.187340,1.503952,0.222184,
202008,"DNK",0.177911,1.658202,0.219172,
202009,"DNK",0.133443,1.668763,0.281060,
202010,"DNK",0.169523,1.635730,0.383094,
202011,"DNK",0.246662,1.491171,0.476233,
202012,"DNK",0.385135,1.509435,0.586202,
202101,"DNK",0.586609,1.246353,0.772296,
202102,"DNK",0.482558,1.250782,0.661902,
202103,"DNK",0.427787,1.537605,0.529423,
202104,"DNK",0.282745,1.467255,0.413856,
202105,"DNK",0.112935,1.619284,0.326949,
202106,"DNK",0.258953,1.841031,0.214511,
202107,"DNK",0.317034,1.506465,0.165571,
202108,"DNK",0.204649,1.673574,0.207577,
202109,"DNK",0.356315,1.597234,0.235019,
202110,"DNK",0.226089,1.813851,0.306913,
202111,"DNK",0.334679,1.609957,0.409397,
202112,"DNK",0.617147,1.663494,0.564426,
202201,"DNK",0.473140,1.601504,0.490775,
202202,"DNK",0.351042,1.466201,0.440531,
202203,"DNK",0.640516,1.906370,0.437711,
202204,"DNK",0.267824,1.718550,0.314009,
202205,"DNK",0.203098,1.666193,0.222916,
202206,"DNK",0.241604,1.606958,0.187318,
202207,"DNK",0.208931,1.590272,0.143387,
202208,"DNK",0.201097,1.861183,0.127902,
202209,"DNK",0.312402,1.770656,0.143485,
202210,"DNK",0.243017,1.686345,0.194579,
202211,"DNK",0.367308,1.684341,0.299797,
202212,"DNK",0.623069,1.766838,0.465155,
202301,"DNK",0.449322,1.446064,0.452763,
202302,"DNK",0.399511,1.410188,0.431173,
202303,"DNK",0.356697,1.574968,0.415737,
202304,"DNK",0.180071,1.541630,0.244579,
202305,"DNK",0.071917,1.649060,0.171576,
202306,"DNK",0.086784,1.584498,0.152216,
202307,"DNK",0.092148,2.212259,0.139111,
202308,"DNK",0.179440,1.852809,0.171116,
202309,"DNK",0.121463,1.592695,0.159501,
202310,"DNK",0.096064,1.865399,0.269593,
202311,"DNK",0.282752,1.523772,0.433600,
202312,"DNK",0.316406,1.500847,0.485227,
202401,"DNK",0.363124,1.604489,0.628892,
202402,"DNK",0.195653,1.454389,0.407495,
202403,"DNK",0.194627,1.624856,0.383063,
202404,"DNK",0.087705,1.687829,0.326421,
202405,"DNK",0.028865,1.886051,0.167122,
202406,"DNK",0.097882,1.632951,0.159768,
202407,"DNK",0.159013,1.941096,0.082134,
202408,"DNK",0.143732,1.832585,0.121120,
202409,"DNK",0.098446,1.692167,0.146407,
202410,"DNK",0.133964,1.713562,0.274515,
202411,"DNK",0.215665,1.596201,0.421031,
202412,"DNK",0.084364,1.580986,0.438128,
202501,"DNK",0.070221,1.433993,0.559135,
202502,"DNK",0.148213,1.533896,0.489705,
202503,"DNK",0.135122,1.909428,0.317681,
202504,"DNK",0.083318,1.483286,0.236637,
202505,"DNK",0.011106,1.491888,0.180504,
202506,"DNK",0.022169,1.489932,0.152345,
202507,"DNK",0.011100,1.475513,0.127268,
202508,"DNK",0.007538,1.580825,0.142910,
202509,"DNK",0.022802,1.914783,0.177594,
202510,"DNK",0.019604,1.627361,0.275575,
202511,"DNK",0.091507,1.431328,0.404822,
202512,"DNK",0.113510,1.355512,0.406386,
202601,"DNK",0.130666,1.387447,0.743040,
202602,"DNK",0.098346,1.315888,0.662905,
202603,"DNK",0.115800,1.530084,0.319151,
202604,"DNK",0.097538,1.452492,0.231924,
202605,"DNK",0.046717,1.395833,0.158225,
202606,"DNK",0.010211,1.528572,0.154713,
202607,"DNK",0.006133,1.438929,0.096374,
202608,"DNK",,,0.118709,
202609,"DNK",,,,
202610,"DNK",,,,
202611,"DNK",,,,
202612,"DNK",,,,
200801,"ESP",6.725497,15.631160,8.129264,1.425439
200802,"ESP",5.604642,15.130379,7.902942,1.270171
200803,"ESP",4.959348,15.094311,7.195624,1.407907
200804,"ESP",5.332318,14.558837,6.515589,1.389956
200805,"ESP",3.745212,13.701508,6.512937,1.319367
200806,"ESP",4.271532,13.306720,6.384375,1.110948
200807,"ESP",4.112394,15.173702,6.834571,1.327718
200808,"ESP",4.041774,13.674647,6.060549,1.313735
200809,"ESP",4.407900,13.713029,6.321701,1.135366
200810,"ESP",5.181831,14.447051,6.647618,0.944084
200811,"ESP",5.110722,13.868431,7.127646,0.804607
200812,"ESP",5.233142,14.881991,6.890003,0.757361
200901,"ESP",4.948837,14.400258,7.211693,0.891380
200902,"ESP",4.009457,13.444752,5.976272,0.752336
200903,"ESP",2.526384,14.291530,5.919789,0.976635
200904,"ESP",4.873692,13.336707,5.686811,0.955905
200905,"ESP",2.630753,12.413564,5.474367,1.009398
200906,"ESP",2.799165,13.136289,5.980531,0.964630
200907,"ESP",3.556818,14.279256,6.389499,0.983614
200908,"ESP",2.512667,12.847306,5.556809,0.974481
200909,"ESP",2.744179,13.110065,6.132741,1.045571
200910,"ESP",5.219699,13.505821,5.907722,1.000988
200911,"ESP",4.110445,12.809005,6.220203,0.895867
200912,"ESP",4.736365,13.464302,7.223406,0.764687
201001,"ESP",3.366488,12.797547,7.283656,0.734863
201002,"ESP",1.898732,12.816762,6.735984,0.726722
201003,"ESP",2.430938,14.583414,6.539025,0.952158
201004,"ESP",2.477617,12.696090,5.553571,0.974447
201005,"ESP",2.495919,12.458458,5.404544,1.010577
201006,"ESP",1.671610,12.986791,5.429297,1.012107
201007,"ESP",2.737479,13.574107,5.916789,1.046717
201008,"ESP",3.074773,12.591052,5.025417,1.065157
201009,"ESP",3.458989,12.400940,5.694823,0.977833
201010,"ESP",4.403061,13.021141,5.906775,0.974955
201011,"ESP",3.927007,13.136952,6.910476,0.909332
201012,"ESP",4.054287,13.245806,7.222205,0.589814
201101,"ESP",1.910195,12.462962,7.335512,0.771014
201102,"ESP",2.229995,12.368093,6.471678,0.719363
201103,"ESP",3.967967,13.359733,6.395573,0.941017
201104,"ESP",4.102558,11.831644,4.699540,1.001790
201105,"ESP",2.715212,11.409310,5.266081,0.913909
201106,"ESP",3.088784,11.986550,5.322679,0.925343
201107,"ESP",6.886541,12.485453,5.145152,0.819541
201108,"ESP",5.198065,11.930336,4.792524,0.870640
201109,"ESP",5.858985,11.718236,5.157887,0.711433
201110,"ESP",6.999080,11.833485,5.305093,0.822305
201111,"ESP",4.466193,11.724063,5.715432,0.623157
201112,"ESP",6.261670,11.943447,6.417253,0.365966
201201,"ESP",5.628035,11.703413,7.009586,0.767465
201202,"ESP",5.744315,12.066293,7.054504,0.813846
201203,"ESP",5.445363,11.952988,5.719673,0.701090
201204,"ESP",4.390662,10.920069,5.044358,0.785064
201205,"ESP",3.759333,10.940841,4.640388,0.833255
201206,"ESP",6.714682,11.053735,4.595717,0.799787
201207,"ESP",6.109347,11.295015,4.743695,0.736545
201208,"ESP",3.647859,11.298078,4.351809,0.736150
201209,"ESP",5.408221,9.807411,4.640090,0.839967
201210,"ESP",3.519767,10.854526,5.314415,0.753040
201211,"ESP",6.043266,10.505223,5.772862,0.544080
201212,"ESP",6.214884,10.524747,6.190402,0.386527
201301,"ESP",4.809431,10.839626,6.332564,0.471867
201302,"ESP",3.576004,10.136441,5.649269,0.650020
201303,"ESP",2.219149,11.194748,5.396762,0.607111
201304,"ESP",2.219291,10.810790,4.568767,0.520767
201305,"ESP",2.837394,10.541949,4.571736,0.721032
201306,"ESP",2.711095,9.939044,4.041025,0.761731
201307,"ESP",6.078207,11.290681,4.179446,0.622716
201308,"ESP",3.212020,10.605085,3.828770,0.745998
201309,"ESP",6.161125,9.914812,4.380410,0.651025
201310,"ESP",6.362686,10.903040,4.529587,0.777443
201311,"ESP",3.105673,10.694214,5.350914,0.644402
201312,"ESP",5.436276,10.835129,6.225779,0.424433
201401,"ESP",2.350457,10.695808,5.777845,0.599006
201402,"ESP",1.846842,10.027221,5.087592,0.715708
201403,"ESP",2.170019,10.935676,4.799153,0.731825
201404,"ESP",2.201006,10.243657,3.827063,0.850118
201405,"ESP",5.179626,10.255152,4.023906,0.847939
201406,"ESP",4.758851,10.035128,3.977540,0.694963
201407,"ESP",5.828319,11.137226,4.031888,0.753205
201408,"ESP",6.947973,10.284029,3.812577,0.838988
201409,"ESP",7.503573,10.361501,4.317567,0.748939
201410,"ESP",4.074945,11.155047,4.290468,0.817258
201411,"ESP",4.470994,10.225673,4.777670,0.718470
201412,"ESP",6.288320,11.171947,5.528085,0.512607
201501,"ESP",5.127577,11.094510,6.162965,0.635227
201502,"ESP",5.567669,10.698298,5.456767,0.648855
201503,"ESP",5.257979,11.128630,5.098143,0.821276
201504,"ESP",4.335991,10.080344,4.201954,0.861903
201505,"ESP",3.316837,10.681843,4.031785,0.875009
201506,"ESP",5.429574,10.970727,3.904777,0.828656
201507,"ESP",4.164451,11.879696,4.527724,0.687746
201508,"ESP",6.424690,10.992568,3.936393,0.843082
201509,"ESP",5.807179,11.244334,4.128069,0.778023
201510,"ESP",5.707963,11.348814,4.628369,0.894657
201511,"ESP",5.116311,10.831542,4.932780,0.807833
201512,"ESP",4.989662,11.975088,5.593240,0.527351
201601,"ESP",3.338388,10.715524,5.539123,0.676617
201602,"ESP",2.892369,11.006220,5.163965,0.720970
201603,"ESP",2.507364,11.712531,5.193611,0.767376
201604,"ESP",1.701530,10.790760,4.402464,0.799516
201605,"ESP",2.219346,10.789903,4.100902,0.898192
201606,"ESP",2.638411,11.421047,3.979545,0.887306
201607,"ESP",4.434456,11.967179,4.244234,0.757837
201608,"ESP",3.739466,11.819275,3.829432,0.831306
201609,"ESP",5.401556,11.633779,4.184743,0.814529
201610,"ESP",5.196276,11.417853,4.863146,0.935991
201611,"ESP",5.407017,11.949729,5.914726,0.803233
201612,"ESP",6.001410,12.026500,6.236927,0.522224
201701,"ESP",6.252323,11.832913,6.864653,0.538669
201702,"ESP",4.317910,10.827552,5.186467,0.595189
201703,"ESP",3.231188,12.003551,5.132267,0.829004
201704,"ESP",3.258380,10.703580,4.218254,0.914438
201705,"ESP",4.237526,11.569347,4.196081,0.917449
201706,"ESP",5.268146,11.782500,4.497632,0.704858
201707,"ESP",5.116545,11.743759,4.824262,0.815864
201708,"ESP",4.154089,11.640411,4.485461,0.944959
201709,"ESP",3.950290,11.110387,4.662400,0.854855
201710,"ESP",4.535393,11.401385,5.212779,0.887604
201711,"ESP",5.112971,11.624983,6.534426,0.791100
201712,"ESP",4.059740,11.925520,6.696879,0.607533
201801,"ESP",4.301165,11.349807,6.293289,0.620589
201802,"ESP",4.080239,11.284626,6.050545,0.662418
201803,"ESP",2.852076,12.043778,5.642291,0.794669
201804,"ESP",2.618674,11.237543,4.729069,0.909818
201805,"ESP",3.529185,11.600529,4.617241,0.925893
201806,"ESP",3.576450,11.305302,4.330678,0.791078
201807,"ESP",5.211518,12.040582,4.310462,0.830131
201808,"ESP",4.752053,11.818710,4.242010,0.942749
201809,"ESP",4.909825,11.105693,4.345399,0.817698
201810,"ESP",4.272314,12.083532,4.973972,0.906798
201811,"ESP",3.787363,11.806692,6.088769,0.812434
201812,"ESP",4.003326,11.755175,6.200990,0.616069
201901,"ESP",5.436880,12.148604,7.210731,0.622758
201902,"ESP",3.630425,10.779314,5.834808,0.628546
201903,"ESP",1.739373,11.490642,5.544810,0.858405
201904,"ESP",1.696024,11.481472,5.454015,0.862379
201905,"ESP",1.271517,11.615878,5.403793,0.871310
201906,"ESP",1.043876,11.040236,5.498695,0.740145
201907,"ESP",1.964288,12.130643,6.195216,0.764897
201908,"ESP",1.341654,11.326637,5.833225,0.832468
201909,"ESP",1.273796,10.838086,5.567570,0.723144
201910,"ESP",1.670374,12.027476,6.025947,0.869587
201911,"ESP",1.227587,11.337488,6.375865,0.849749
201912,"ESP",1.172586,11.492894,6.215206,0.495103
202001,"ESP",2.276232,11.855494,6.878331,0.394298
202002,"ESP",1.766337,11.191662,5.748149,0.623076
202003,"ESP",1.779300,10.026483,5.257794,0.760534
202004,"ESP",0.716271,6.149570,4.440403,0.286634
202005,"ESP",0.885175,7.416637,4.001684,0.682732
202006,"ESP",0.726915,8.898313,4.626128,0.766010
202007,"ESP",0.680855,10.699160,5.606345,0.729295
202008,"ESP",0.976042,9.744133,5.112379,0.767009
202009,"ESP",0.894788,9.869087,5.228859,0.811586
202010,"ESP",1.057396,10.476525,5.148337,0.900667
202011,"ESP",1.468314,9.524062,5.795335,0.848553
202012,"ESP",0.812103,10.789699,6.386739,0.614871
202101,"ESP",1.730914,9.492365,7.069674,0.546356
202102,"ESP",0.993288,9.033340,5.075286,0.651038
202103,"ESP",0.885499,11.122456,5.782384,0.862594
202104,"ESP",1.039730,9.518751,5.562131,0.791332
202105,"ESP",1.332455,10.082191,4.851990,0.793448
202106,"ESP",0.956156,10.733006,4.909770,0.764823
202107,"ESP",1.187268,11.523707,5.014103,0.811899
202108,"ESP",0.945920,10.774566,5.062515,0.811250
202109,"ESP",1.570923,10.968790,5.258173,0.712815
202110,"ESP",1.505073,11.149609,5.357735,0.828038
202111,"ESP",1.633664,11.637436,7.240771,0.693966
202112,"ESP",1.845101,11.580866,6.918247,0.452223
202201,"ESP",1.867906,10.594699,7.718081,0.604353
202202,"ESP",1.315389,10.642786,6.392908,0.652018
202203,"ESP",1.500085,10.620327,6.285783,0.602059
202204,"ESP",1.597110,11.031695,4.958077,0.718418
202205,"ESP",1.150972,11.083747,4.804627,0.778217
202206,"ESP",1.824100,11.172765,5.377632,0.648497
202207,"ESP",1.769090,11.018057,5.733012,0.635156
202208,"ESP",1.611424,11.053596,5.235715,0.717046
202209,"ESP",1.425243,11.034789,5.207857,0.661246
202210,"ESP",0.884686,10.825776,5.169743,0.788330
202211,"ESP",1.015882,10.940770,5.170111,0.753130
202212,"ESP",1.337742,12.154074,5.208242,0.452542
202301,"ESP",0.946323,9.836540,5.293459,0.580172
202302,"ESP",1.046606,10.629545,5.991740,0.693731
202303,"ESP",0.853086,11.362139,5.117664,0.746213
202304,"ESP",0.779928,10.024941,4.249942,0.648648
202305,"ESP",0.982327,10.676014,4.375868,0.582003
202306,"ESP",1.048218,10.926364,4.675956,0.710697
202307,"ESP",1.088129,10.999160,4.690023,0.694548
202308,"ESP",1.228708,10.612292,4.472887,0.630757
202309,"ESP",1.275530,10.610081,4.731929,0.686888
202310,"ESP",0.950447,10.773628,4.502798,0.729593
202311,"ESP",0.930832,10.800908,4.674475,0.699508
202312,"ESP",0.809678,10.829827,5.432882,0.440540
202401,"ESP",0.864260,10.676330,5.743076,0.442435
202402,"ESP",0.739783,10.346318,4.749954,0.663902
202403,"ESP",1.040877,11.037037,4.591452,0.686036
202404,"ESP",0.870000,11.163858,3.868307,0.682659
202405,"ESP",0.978414,11.135541,3.810116,0.674010
202406,"ESP",1.014643,10.317005,3.588999,0.631785
202407,"ESP",0.886746,11.230918,4.043054,0.721389
202408,"ESP",0.922765,10.930537,3.860358,0.690521
202409,"ESP",1.033827,10.647537,3.864173,0.588888
202410,"ESP",1.230788,11.330790,4.096431,0.686378
202411,"ESP",0.889690,10.640524,5.039984,0.728126
202412,"ESP",1.016814,11.127891,6.022124,0.557814
202501,"ESP",0.987954,10.587538,5.594923,0.482054
202502,"ESP",1.115448,10.120851,4.882486,0.586961
202503,"ESP",0.944321,10.903279,4.817231,0.641608
202504,"ESP",1.066835,10.969578,3.931915,0.602238
202505,"ESP",0.910874,10.823551,4.179385,0.615781
202506,"ESP",0.977798,10.783993,4.336011,0.734304
202507,"ESP",0.685170,11.593163,4.344638,0.615084
202508,"ESP",0.803525,10.654365,3.944788,0.651607
202509,"ESP",0.640357,10.767708,4.186543,0.702283
202510,"ESP",0.427954,11.433703,4.969617,0.630517
202511,"ESP",0.465692,10.553663,5.299184,0.666897
202512,"ESP",0.596298,11.596305,6.023402,0.596874
202601,"ESP",0.586274,10.787530,6.192869,0.480017
202602,"ESP",0.457797,10.065972,4.700921,
202603,"ESP",0.431623,11.504589,4.863936,
202604,"ESP",0.560297,10.690298,3.961679,
202605,"ESP",0.737354,10.487299,4.089304,
202606,"ESP",0.691427,11.612224,4.072539,
202607,"ESP",,,4.669438,
202608,"ESP",,,4.278325,
202609,"ESP",,,,
202610,"ESP",,,,
202611,"ESP",,,,
202612,"ESP",,,,
200801,"EST",1.203858,0.171184,0.172971,
200802,"EST",1.142820,0.171184,0.172335,
200803,"EST",0.946474,0.109318,0.220331,
200804,"EST",1.188709,0.333532,0.179373,
200805,"EST",0.922401,0.336253,0.134310,
200806,"EST",0.959263,0.333532,0.091544,
200807,"EST",0.823089,0.333532,0.077370,
200808,"EST",0.872487,0.296029,0.045699,
200809,"EST",0.949219,0.333532,0.046725,
200810,"EST",1.085618,0.217618,0.172335,
200811,"EST",1.248243,0.258931,0.088563,
200812,"EST",0.979678,0.292487,0.254300,
200901,"EST",0.992820,0.269095,0.173032,
200902,"EST",0.961023,0.194433,0.164601,
200903,"EST",0.917021,0.203446,0.197488,
200904,"EST",0.839927,0.189533,0.143049,
200905,"EST",0.727980,0.285446,0.090061,
200906,"EST",0.647272,0.346590,0.053434,
200907,"EST",0.607307,0.110115,0.044947,
200908,"EST",0.807662,0.188253,0.078504,
200909,"EST",0.715127,0.272917,0.045282,
200910,"EST",0.917021,0.223560,0.045617,
200911,"EST",0.900820,0.279476,0.045617,
200912,"EST",0.987554,0.338135,0.117867,
201001,"EST",1.270498,0.301309,0.169557,
201002,"EST",1.101024,0.238402,0.229956,
201003,"EST",1.373116,0.271746,0.188880,
201004,"EST",1.204069,0.299092,0.159274,
201005,"EST",1.100460,0.208703,0.093395,
201006,"EST",0.939886,0.235054,0.057404,
201007,"EST",1.003010,0.258636,0.037234,
201008,"EST",1.179482,0.298003,0.037234,
201009,"EST",1.130565,0.267428,0.041528,
201010,"EST",1.234738,0.237279,0.055879,
201011,"EST",1.334246,0.193734,0.100683,
201012,"EST",1.390907,0.243502,0.130346,
201101,"EST",1.309032,0.205122,0.182621,
201102,"EST",1.154932,0.198825,0.162233,
201103,"EST",1.321526,0.317210,0.186709,
201104,"EST",1.031948,0.281046,0.145984,
201105,"EST",1.082949,0.281046,0.086558,
201106,"EST",1.065991,0.288206,0.050637,
201107,"EST",1.085355,0.275385,0.037148,
201108,"EST",1.256086,0.314421,0.037710,
201109,"EST",1.164622,0.238859,0.036892,
201110,"EST",1.178798,0.254669,0.041338,
201111,"EST",1.288846,0.202428,0.087631,
201112,"EST",1.241559,0.288032,0.108888,
201201,"EST",1.151033,0.223306,0.173275,
201202,"EST",1.183486,0.212910,0.197838,
201203,"EST",1.075668,0.344182,0.138235,
201204,"EST",0.929236,0.167363,0.101711,
201205,"EST",0.974340,0.341115,0.054167,
201206,"EST",0.759553,0.341201,0.039686,
201207,"EST",1.234164,0.279293,0.043195,
201208,"EST",1.178926,0.266554,0.036276,
201209,"EST",1.049515,0.237443,0.046803,
201210,"EST",1.004734,0.251278,0.087873,
201211,"EST",1.036023,0.304026,0.116291,
201212,"EST",1.025545,0.260225,0.218595,
201301,"EST",1.265836,0.250638,0.193808,
201302,"EST",1.213690,0.243302,0.144223,
201303,"EST",1.279887,0.243302,0.185667,
201304,"EST",1.071601,0.250799,0.117673,
201305,"EST",1.135289,0.247693,0.076136,
201306,"EST",0.846874,0.286641,0.061380,
201307,"EST",1.391575,0.297178,0.068319,
201308,"EST",1.344588,0.314168,0.035986,
201309,"EST",1.286611,0.261050,0.041259,
201310,"EST",1.422905,0.279543,0.071695,
201311,"EST",1.240912,0.271735,0.088809,
201312,"EST",1.032302,0.260994,0.109069,
201401,"EST",1.317341,0.260522,0.172243,
201402,"EST",0.631691,0.183966,0.118476,
201403,"EST",1.125186,0.267249,0.109623,
201404,"EST",1.050197,0.271003,0.078437,
201405,"EST",1.147381,0.257936,0.056353,
201406,"EST",1.279051,0.271450,0.036160,
201407,"EST",1.280166,0.300989,0.033324,
201408,"EST",1.155806,0.297958,0.039890,
201409,"EST",1.136873,0.310558,0.043968,
201410,"EST",1.314348,0.270689,0.082714,
201411,"EST",1.306078,0.277254,0.107185,
201412,"EST",1.327807,0.261225,0.129418,
201501,"EST",1.166372,0.274797,0.134772,
201502,"EST",1.069346,0.243397,0.109947,
201503,"EST",0.952756,0.209092,0.110245,
201504,"EST",0.962696,0.268052,0.076963,
201505,"EST",0.946137,0.278988,0.053431,
201506,"EST",0.966455,0.279189,0.037312,
201507,"EST",0.621283,0.306776,0.033133,
201508,"EST",0.953247,0.320695,0.038506,
201509,"EST",0.892864,0.306247,0.041491,
201510,"EST",0.954927,0.268178,0.077460,
201511,"EST",0.962157,0.281769,0.086067,
201512,"EST",0.822465,0.295865,0.104325,
201601,"EST",1.361772,0.319316,0.187309,
201602,"EST",0.825382,0.255364,0.117192,
201603,"EST",0.759153,0.255107,0.113211,
201604,"EST",0.966647,0.230553,0.077879,
201605,"EST",0.639962,0.259199,0.042299,
201606,"EST",0.680525,0.269559,0.034635,
201607,"EST",1.070946,0.312270,0.031749,
201608,"EST",1.271563,0.315590,0.032694,
201609,"EST",1.343112,0.325433,0.037621,
201610,"EST",1.377074,0.290028,0.087981,
201611,"EST",1.359732,0.276152,0.112017,
201612,"EST",1.107464,0.318288,0.116844,
201701,"EST",1.310585,0.350270,0.129696,
201702,"EST",1.184652,0.345945,0.118213,
201703,"EST",1.240472,0.289455,0.107067,
201704,"EST",1.017959,0.207517,0.081012,
201705,"EST",1.350837,0.282658,0.052689,
201706,"EST",1.157061,0.289786,0.032183,
201707,"EST",1.041418,0.264845,0.033582,
201708,"EST",1.077482,0.311063,0.035464,
201709,"EST",1.173797,0.289371,0.043522,
201710,"EST",1.103947,0.278593,0.080819,
201711,"EST",1.253148,0.260496,0.092544,
201712,"EST",0.965702,0.264278,0.106295,
201801,"EST",1.096362,0.248039,0.127415,
201802,"EST",1.101994,0.278606,0.140222,
201803,"EST",1.348808,0.268518,0.137680,
201804,"EST",1.164624,0.248175,0.070659,
201805,"EST",1.062858,0.292497,0.039366,
201806,"EST",0.934827,0.319760,0.033685,
201807,"EST",0.939674,0.323156,0.035927,
201808,"EST",1.148852,0.323177,0.047089,
201809,"EST",0.979630,0.272017,0.039914,
201810,"EST",0.999693,0.258428,0.072253,
201811,"EST",1.158875,0.271934,0.089196,
201812,"EST",1.126532,0.292437,0.125372,
201901,"EST",1.000977,0.274780,0.142020,
201902,"EST",0.791619,0.277852,0.101935,
201903,"EST",0.776712,0.269132,0.101336,
201904,"EST",1.024833,0.257554,0.064146,
201905,"EST",0.526607,0.254627,0.049570,
201906,"EST",0.402563,0.254500,0.030600,
201907,"EST",0.401804,0.280976,0.033096,
201908,"EST",0.394024,0.292464,0.036790,
201909,"EST",0.641793,0.280976,0.045127,
201910,"EST",0.551556,0.262940,0.069188,
201911,"EST",0.673763,0.265814,0.083914,
201912,"EST",0.589480,0.283478,0.125596,
202001,"EST",0.480636,0.262151,0.103138,
202002,"EST",0.447223,0.262039,0.095062,
202003,"EST",0.477567,0.229734,0.096508,
202004,"EST",0.324549,0.212053,0.070786,
202005,"EST",0.408698,0.206156,0.049699,
202006,"EST",0.361575,0.244494,0.031804,
202007,"EST",0.293247,0.297391,0.032850,
202008,"EST",0.547162,0.288483,0.035742,
202009,"EST",0.476848,0.265145,0.043568,
202010,"EST",0.496770,0.247458,0.056778,
202011,"EST",0.440826,0.247458,0.077914,
202012,"EST",0.521705,0.266521,0.113506,
202101,"EST",0.557349,0.227978,0.125991,
202102,"EST",0.831807,0.230153,0.135698,
202103,"EST",0.484703,0.232166,0.101824,
202104,"EST",0.481507,0.214626,0.075304,
202105,"EST",0.384848,0.241792,0.049236,
202106,"EST",0.441794,0.249939,0.032223,
202107,"EST",0.455624,0.277131,0.029171,
202108,"EST",0.403351,0.268977,0.038628,
202109,"EST",0.529907,0.241713,0.049035,
202110,"EST",0.547716,0.241578,0.058642,
202111,"EST",0.568177,0.241717,0.083410,
202112,"EST",0.771527,0.260493,0.138850,
202201,"EST",0.734016,0.244083,0.115663,
202202,"EST",0.587980,0.223783,0.095455,
202203,"EST",0.835768,0.255643,0.086673,
202204,"EST",0.630290,0.246853,0.059927,
202205,"EST",0.663184,0.276073,0.041016,
202206,"EST",0.652191,0.264492,0.028691,
202207,"EST",0.602808,0.261560,0.022105,
202208,"EST",0.662261,0.302275,0.024537,
202209,"EST",0.670850,0.270269,0.030423,
202210,"EST",0.613731,0.244105,0.036136,
202211,"EST",0.669184,0.267228,0.058216,
202212,"EST",0.763735,0.278725,0.082855,
202301,"EST",0.475882,0.250235,0.071156,
202302,"EST",0.428177,0.218265,0.063457,
202303,"EST",0.405297,0.247313,0.067901,
202304,"EST",0.395707,0.253380,0.044677,
202305,"EST",0.363703,0.282533,0.030173,
202306,"EST",0.414913,0.265040,0.023224,
202307,"EST",0.344049,0.273905,0.020473,
202308,"EST",0.390334,0.303065,0.024903,
202309,"EST",0.325562,0.270993,0.023224,
202310,"EST",0.379301,0.262178,0.054517,
202311,"EST",0.571149,0.256354,0.067481,
202312,"EST",0.479751,0.247536,0.092618,
202401,"EST",0.462328,0.250609,0.134674,
202402,"EST",0.372874,0.241733,0.085661,
202403,"EST",0.380749,0.250668,0.068719,
202404,"EST",0.305512,0.286138,0.060978,
202405,"EST",0.338633,0.289110,0.033229,
202406,"EST",0.305532,0.265491,0.021063,
202407,"EST",0.311265,0.289108,0.025135,
202408,"EST",0.273643,0.303872,0.026593,
202409,"EST",0.350692,0.277304,0.025588,
202410,"EST",0.353731,0.262512,0.044720,
202411,"EST",0.345591,0.236006,0.068267,
202412,"EST",0.373558,0.224194,0.086264,
202501,"EST",0.369043,0.220462,0.083069,
202502,"EST",0.404565,0.206380,0.086994,
202503,"EST",0.366166,0.231780,0.062440,
202504,"EST",0.336788,0.262794,0.047497,
202505,"EST",0.320276,0.245874,0.036730,
202506,"EST",0.275926,0.245985,0.024403,
202507,"EST",0.216472,0.260133,0.023296,
202508,"EST",0.171611,0.277050,0.026616,
202509,"EST",0.245259,0.257245,0.027170,
202510,"EST",0.333232,0.260132,0.048906,
202511,"EST",0.350660,0.234669,0.066969,
202512,"EST",0.539085,0.237496,0.081258,
202601,"EST",0.445647,0.269315,0.138717,
202602,"EST",0.409683,0.231572,0.124026,
202603,"EST",0.343275,0.262726,0.060378,
202604,"EST",0.324266,0.243001,0.048101,
202605,"EST",0.344825,0.259884,0.030491,
202606,"EST",0.324498,0.253988,0.020931,
202607,"EST",0.310685,,0.020630,
202608,"EST",,,0.022016,
202609,"EST",,,,
202610,"EST",,,,
202611,"EST",,,,
202612,"EST",,,,
200801,"FIN",2.414326,2.025870,0.868966,
200802,"FIN",2.347622,2.012664,0.778637,
200803,"FIN",2.157570,2.020849,0.809336,
200804,"FIN",1.799583,2.141437,0.637734,
200805,"FIN",1.295784,2.030907,0.572670,
200806,"FIN",1.151129,1.900460,0.522095,
200807,"FIN",1.143235,2.017675,0.578375,
200808,"FIN",1.554208,1.986098,0.601829,
200809,"FIN",2.346536,2.290330,0.724440,
200810,"FIN",2.173440,2.264272,0.778637,
200811,"FIN",2.028946,2.088270,0.782260,
200812,"FIN",3.309507,2.104608,0.713710,
200901,"FIN",2.699017,2.196626,0.828529,
200902,"FIN",2.701416,2.015666,0.763060,
200903,"FIN",2.470882,2.054724,0.736799,
200904,"FIN",1.879499,1.948393,0.603596,
200905,"FIN",0.491016,1.866841,0.424390,
200906,"FIN",1.552529,1.873344,0.428921,
200907,"FIN",0.579249,1.866976,0.414727,
200908,"FIN",1.115359,1.936351,0.441774,
200909,"FIN",1.905263,2.103297,0.527817,
200910,"FIN",2.175053,2.150327,0.750253,
200911,"FIN",2.271680,1.927926,0.685432,
200912,"FIN",3.104366,2.219056,0.888403,
201001,"FIN",3.692806,2.169960,1.007456,
201002,"FIN",3.374131,2.219159,0.892787,
201003,"FIN",3.277037,2.323944,0.823921,
201004,"FIN",2.372496,1.796634,0.677011,
201005,"FIN",1.708762,1.857418,0.506034,
201006,"FIN",1.542254,1.849364,0.417395,
201007,"FIN",0.735812,1.884433,0.392187,
201008,"FIN",1.355411,1.976996,0.463427,
201009,"FIN",2.005965,2.012611,0.577686,
201010,"FIN",2.278537,2.110594,0.696693,
201011,"FIN",3.034223,2.237911,0.824287,
201012,"FIN",3.808111,2.663272,0.983025,
201101,"FIN",3.706978,2.053466,0.933328,
201102,"FIN",3.336287,2.123407,0.945229,
201103,"FIN",3.333634,2.106452,0.840440,
201104,"FIN",2.073811,1.823670,0.644337,
201105,"FIN",1.847201,1.946263,0.577751,
201106,"FIN",1.332293,1.880651,0.406884,
201107,"FIN",0.487874,1.780476,0.372340,
201108,"FIN",1.125354,1.977863,0.436056,
201109,"FIN",1.349589,1.937999,0.430407,
201110,"FIN",1.482726,2.000462,0.466294,
201111,"FIN",1.786023,2.027807,0.558117,
201112,"FIN",2.273235,2.098053,0.599468,
201201,"FIN",2.545449,1.927506,0.745903,
201202,"FIN",2.786204,2.153247,0.805434,
201203,"FIN",2.090007,1.943016,0.635557,
201204,"FIN",1.925388,1.820732,0.487841,
201205,"FIN",1.334880,1.925467,0.405035,
201206,"FIN",0.732198,1.842353,0.365904,
201207,"FIN",0.663744,1.864935,0.327468,
201208,"FIN",0.755561,1.941509,0.379721,
201209,"FIN",1.116546,2.002445,0.452187,
201210,"FIN",1.571520,2.091094,0.525072,
201211,"FIN",1.654540,1.980662,0.570601,
201212,"FIN",2.466469,2.134736,0.758560,
201301,"FIN",3.121213,1.996276,0.774063,
201302,"FIN",1.477764,1.720474,0.603389,
201303,"FIN",2.654323,1.947173,0.713812,
201304,"FIN",2.355978,1.845072,0.555750,
201305,"FIN",1.367802,1.908773,0.375363,
201306,"FIN",1.010360,1.771377,0.299094,
201307,"FIN",0.755763,1.904070,0.299002,
201308,"FIN",1.358363,2.005139,0.371543,
201309,"FIN",1.428995,1.903682,0.430920,
201310,"FIN",2.361069,2.059036,0.508248,
201311,"FIN",1.548175,1.879520,0.537246,
201312,"FIN",1.962397,1.859435,0.593309,
201401,"FIN",2.749775,1.853012,0.792122,
201402,"FIN",2.137087,1.563300,0.525613,
201403,"FIN",2.136812,1.666462,0.509029,
201404,"FIN",0.616773,1.772734,0.420844,
201405,"FIN",1.177268,1.757494,0.394710,
201406,"FIN",0.945364,1.709264,0.306572,
201407,"FIN",1.296023,1.763452,0.280858,
201408,"FIN",1.089979,1.859222,0.291293,
201409,"FIN",1.308855,1.894964,0.351480,
201410,"FIN",1.775672,2.028609,0.442180,
201411,"FIN",2.125630,1.742025,0.517926,
201412,"FIN",2.001925,1.903405,0.554914,
201501,"FIN",2.849513,1.799727,0.598334,
201502,"FIN",1.727795,1.661609,0.503333,
201503,"FIN",1.483539,1.723040,0.528762,
201504,"FIN",1.536097,1.642303,0.391180,
201505,"FIN",0.845834,1.680648,0.269462,
201506,"FIN",0.735307,1.697347,0.286430,
201507,"FIN",0.818288,1.774102,0.291488,
201508,"FIN",0.947635,1.817636,0.274152,
201509,"FIN",0.943604,2.003536,0.332413,
201510,"FIN",1.413352,1.957612,0.425253,
201511,"FIN",1.469976,1.716555,0.394674,
201512,"FIN",2.114417,1.881345,0.415965,
201601,"FIN",2.285134,2.071095,0.680724,
201602,"FIN",1.819310,1.764952,0.460101,
201603,"FIN",1.875457,1.810306,0.432742,
201604,"FIN",1.266470,1.785604,0.301078,
201605,"FIN",2.107900,1.858521,0.222114,
201606,"FIN",0.873247,1.855925,0.223211,
201607,"FIN",0.611114,1.756320,0.217335,
201608,"FIN",0.969475,2.035205,0.231804,
201609,"FIN",1.205418,1.971295,0.219265,
201610,"FIN",1.461751,2.022298,0.269861,
201611,"FIN",1.996136,2.025765,0.464573,
201612,"FIN",2.236521,1.951878,0.467423,
201701,"FIN",1.911476,1.786575,0.525853,
201702,"FIN",1.703965,1.702594,0.467650,
201703,"FIN",1.774413,1.877051,0.406333,
201704,"FIN",1.653001,1.705754,0.308622,
201705,"FIN",1.389225,1.927821,0.246093,
201706,"FIN",0.801082,1.830989,0.213379,
201707,"FIN",0.903727,1.836320,0.213162,
201708,"FIN",0.882785,1.940090,0.237265,
201709,"FIN",1.010420,1.954039,0.236616,
201710,"FIN",1.559685,2.023978,0.276384,
201711,"FIN",1.482398,1.876536,0.308579,
201712,"FIN",2.068612,1.733594,0.412780,
201801,"FIN",2.215289,1.858354,0.496999,
201802,"FIN",1.948975,1.775445,0.575039,
201803,"FIN",2.610813,1.969644,0.579531,
201804,"FIN",1.646520,1.705517,0.285207,
201805,"FIN",1.004075,1.874729,0.220115,
201806,"FIN",0.737463,1.746640,0.226810,
201807,"FIN",0.935518,1.813499,0.217297,
201808,"FIN",0.972779,1.954678,0.289347,
201809,"FIN",0.926394,1.740481,0.327002,
201810,"FIN",1.363432,1.969778,0.319868,
201811,"FIN",1.619955,1.841599,0.347525,
201812,"FIN",1.998934,1.779969,0.485108,
201901,"FIN",2.134907,1.968668,0.652201,
201902,"FIN",1.659068,1.618643,0.472366,
201903,"FIN",1.619644,1.713488,0.457919,
201904,"FIN",1.230285,1.655932,0.335119,
201905,"FIN",1.103135,1.741819,0.238997,
201906,"FIN",0.792247,1.688311,0.225525,
201907,"FIN",0.548338,1.727671,0.259693,
201908,"FIN",0.668654,1.777526,0.256724,
201909,"FIN",1.169666,2.001074,0.287878,
201910,"FIN",1.466467,2.011433,0.353953,
201911,"FIN",1.489944,1.908455,0.368267,
201912,"FIN",1.429248,1.795568,0.385506,
202001,"FIN",1.591553,1.662234,0.454625,
202002,"FIN",1.387630,1.526589,0.428859,
202003,"FIN",1.445639,1.753820,0.426193,
202004,"FIN",1.047607,1.611974,0.325551,
202005,"FIN",0.951795,1.630474,0.288478,
202006,"FIN",0.522847,1.733164,0.289974,
202007,"FIN",0.400488,1.819038,0.278704,
202008,"FIN",0.470224,1.624716,0.300449,
202009,"FIN",0.636694,1.800850,0.360258,
202010,"FIN",0.989124,1.774723,0.371668,
202011,"FIN",1.130640,1.655204,0.372744,
202012,"FIN",1.327222,1.646676,0.454859,
202101,"FIN",1.341231,1.444387,0.643733,
202102,"FIN",1.615709,1.504080,0.643968,
202103,"FIN",1.360388,1.499436,0.480566,
202104,"FIN",0.984074,1.550247,0.409259,
202105,"FIN",0.800107,1.506262,0.182781,
202106,"FIN",0.554216,1.580609,0.215377,
202107,"FIN",0.565370,1.717006,0.273796,
202108,"FIN",0.542447,1.658368,0.256440,
202109,"FIN",0.957829,1.729836,0.312412,
202110,"FIN",1.199531,1.753610,0.264012,
202111,"FIN",1.083821,1.615357,0.198774,
202112,"FIN",1.755923,1.878786,0.457706,
202201,"FIN",1.612665,1.627902,0.338722,
202202,"FIN",1.296327,1.593647,0.282715,
202203,"FIN",1.358764,1.814593,0.307596,
202204,"FIN",1.163528,1.480175,0.178580,
202205,"FIN",0.978652,1.683620,0.194193,
202206,"FIN",0.885439,1.559152,0.174318,
202207,"FIN",0.446207,1.640745,0.157317,
202208,"FIN",0.430819,1.883249,0.187601,
202209,"FIN",1.019702,1.775738,0.140416,
202210,"FIN",0.950129,1.667512,0.128570,
202211,"FIN",1.067106,1.610297,0.145223,
202212,"FIN",1.419483,1.745146,0.166734,
202301,"FIN",1.335303,1.622467,0.191561,
202302,"FIN",1.153070,1.419333,0.212424,
202303,"FIN",1.312494,1.648411,0.199806,
202304,"FIN",0.714590,1.511392,0.113786,
202305,"FIN",0.552908,1.658546,0.204447,
202306,"FIN",0.466054,1.695011,0.147573,
202307,"FIN",0.430829,1.526590,0.165252,
202308,"FIN",0.502803,1.579694,0.196125,
202309,"FIN",0.417790,1.416800,0.170161,
202310,"FIN",0.617039,1.594759,0.440456,
202311,"FIN",0.886268,1.527200,0.230793,
202312,"FIN",1.069056,1.634944,0.282221,
202401,"FIN",1.243882,1.683905,0.357230,
202402,"FIN",0.935220,1.443919,0.312652,
202403,"FIN",0.760743,1.511698,0.262767,
202404,"FIN",0.684577,1.496853,0.188805,
202405,"FIN",0.520552,1.348060,0.160104,
202406,"FIN",0.356252,1.562611,0.196885,
202407,"FIN",0.410721,1.677072,0.198975,
202408,"FIN",0.366530,1.691052,0.153110,
202409,"FIN",0.273768,1.620092,0.201990,
202410,"FIN",0.509200,1.613808,0.225183,
202411,"FIN",0.854715,1.349825,0.162918,
202412,"FIN",0.870290,1.603929,0.262245,
202501,"FIN",0.978459,1.470173,0.244266,
202502,"FIN",0.865624,1.416826,0.223452,
202503,"FIN",0.671086,1.420115,0.258481,
202504,"FIN",0.790875,1.644505,0.213188,
202505,"FIN",0.465719,1.503771,0.186427,
202506,"FIN",0.441375,1.625407,0.135095,
202507,"FIN",0.422316,1.465205,0.176529,
202508,"FIN",0.429310,1.656582,0.146918,
202509,"FIN",0.717583,1.700139,0.097103,
202510,"FIN",0.584489,1.655666,0.163764,
202511,"FIN",0.540462,1.444913,0.189726,
202512,"FIN",0.629408,1.518122,0.198606,
202601,"FIN",0.606794,1.550218,0.127632,
202602,"FIN",0.656818,1.491671,0.396947,
202603,"FIN",0.536572,1.487569,0.132499,
202604,"FIN",0.499274,1.427245,0.117889,
202605,"FIN",0.490472,1.439588,0.141549,
202606,"FIN",0.785197,1.303052,0.137330,
202607,"FIN",,1.439022,0.240311,
202608,"FIN",,,,
202609,"FIN",,,,
202610,"FIN",,,,
202611,"FIN",,,,
202612,"FIN",,,,
200801,"FRA",5.350157,20.495854,12.392109,
200802,"FRA",4.960597,18.367247,11.191355,
200803,"FRA",3.593343,18.425313,11.312729,
200804,"FRA",4.166066,18.692503,7.831440,
200805,"FRA",3.099554,17.442472,4.114497,
200806,"FRA",5.112067,17.021988,3.797993,
200807,"FRA",5.533580,18.673873,3.741178,
200808,"FRA",2.727595,17.161483,2.901549,
200809,"FRA",5.928292,19.256807,4.035645,
200810,"FRA",4.882812,19.745675,7.587491,
200811,"FRA",4.475137,17.371067,10.359921,
200812,"FRA",6.429351,21.226929,12.900144,
200901,"FRA",3.829064,21.457156,14.520086,
200902,"FRA",5.866147,18.206729,12.166481,
200903,"FRA",3.542128,19.613692,10.535725,
200904,"FRA",2.522290,17.919451,6.002782,
200905,"FRA",2.285214,16.089086,4.223231,
200906,"FRA",2.774593,17.722799,3.510408,
200907,"FRA",3.059046,18.060074,3.335987,
200908,"FRA",2.083384,16.036945,3.070418,
200909,"FRA",4.580766,18.315708,3.546929,
200910,"FRA",5.675965,19.263976,6.740771,
200911,"FRA",4.811215,16.522265,9.633545,
200912,"FRA",4.197511,20.621812,13.511720,
201001,"FRA",4.980309,17.716918,15.326157,
201002,"FRA",4.690040,18.242839,12.161853,
201003,"FRA",4.695622,19.302179,11.363137,
201004,"FRA",3.671619,17.548559,6.519379,
201005,"FRA",4.248376,16.173653,6.728315,
201006,"FRA",2.872390,17.064295,3.855367,
201007,"FRA",4.060574,17.984535,2.768480,
201008,"FRA",2.573292,17.162710,2.729162,
201009,"FRA",3.578769,18.825570,4.366410,
201010,"FRA",3.196212,18.402939,6.117035,
201011,"FRA",5.297703,17.393857,10.341300,
201012,"FRA",5.271478,20.323721,13.985143,
201101,"FRA",4.017099,18.039079,15.006165,
201102,"FRA",4.355762,17.872156,12.457235,
201103,"FRA",4.110711,18.201814,10.482886,
201104,"FRA",3.412949,16.745790,5.096201,
201105,"FRA",3.668728,16.971592,4.386486,
201106,"FRA",2.241961,16.584401,3.422446,
201107,"FRA",2.794054,17.207695,3.482192,
201108,"FRA",2.539783,17.720955,2.747884,
201109,"FRA",3.631100,18.352755,3.864911,
201110,"FRA",3.695829,17.802945,6.209658,
201111,"FRA",5.674997,16.390191,9.273071,
201112,"FRA",2.024706,17.010276,11.417506,
201201,"FRA",1.436954,17.362495,12.519603,
201202,"FRA",6.320735,18.413444,15.084097,
201203,"FRA",3.051442,16.914399,9.387785,
201204,"FRA",4.646273,16.064817,7.771478,
201205,"FRA",4.077252,16.083415,4.445420,
201206,"FRA",3.559487,16.874619,3.596847,
201207,"FRA",3.516358,17.875219,3.273650,
201208,"FRA",3.756852,16.192313,2.404961,
201209,"FRA",4.200967,16.919457,3.858623,
201210,"FRA",3.988735,18.846012,6.386854,
201211,"FRA",4.877242,17.162162,10.295150,
201212,"FRA",3.477870,16.556709,11.772898,
201301,"FRA",3.809019,16.896578,13.055613,
201302,"FRA",5.155327,16.298831,12.031447,
201303,"FRA",4.379690,17.408462,11.051856,
201304,"FRA",4.036546,17.507366,6.890138,
201305,"FRA",3.707915,17.263370,5.641581,
201306,"FRA",2.908223,15.986867,3.756305,
201307,"FRA",3.418726,18.202788,3.405418,
201308,"FRA",4.011772,16.580171,3.070193,
201309,"FRA",4.416146,16.748277,3.894114,
201310,"FRA",4.298530,18.243481,5.932755,
201311,"FRA",4.724518,16.137086,10.828826,
201312,"FRA",4.806134,17.050572,11.844821,
201401,"FRA",3.145063,16.148866,10.572249,
201402,"FRA",2.857254,15.366644,9.671340,
201403,"FRA",5.616591,16.488399,8.340079,
201404,"FRA",3.116646,16.651372,5.386436,
201405,"FRA",2.066157,15.102178,4.429784,
201406,"FRA",3.039399,16.071718,3.427883,
201407,"FRA",2.374485,17.690868,3.238258,
201408,"FRA",2.316763,16.187090,3.067701,
201409,"FRA",3.531618,17.235213,3.690251,
201410,"FRA",4.526467,18.074339,5.502360,
201411,"FRA",3.654553,14.717123,7.803842,
201412,"FRA",3.323256,18.009974,11.363439,
201501,"FRA",4.225638,16.389651,12.116611,
201502,"FRA",4.369592,16.128380,11.358992,
201503,"FRA",3.876834,16.666021,9.478772,
201504,"FRA",3.063383,16.403818,6.050350,
201505,"FRA",3.143679,14.830181,4.140587,
201506,"FRA",2.732828,16.705439,3.405026,
201507,"FRA",2.835792,18.006501,3.311984,
201508,"FRA",2.656821,16.845988,2.933769,
201509,"FRA",2.111141,17.714940,3.924514,
201510,"FRA",3.263329,17.017352,7.108261,
201511,"FRA",3.699704,14.684650,8.401430,
201512,"FRA",2.042849,17.822747,9.155183,
201601,"FRA",3.161979,15.707789,11.408329,
201602,"FRA",3.089311,15.829614,10.117346,
201603,"FRA",3.737960,17.267330,10.306105,
201604,"FRA",2.494154,16.029335,7.060098,
201605,"FRA",2.225768,16.620982,4.591588,
201606,"FRA",2.813528,14.910060,3.843720,
201607,"FRA",2.602393,16.564045,3.445696,
201608,"FRA",1.972063,16.951587,3.274534,
201609,"FRA",3.450365,16.879757,4.276538,
201610,"FRA",3.458963,17.309454,7.549669,
201611,"FRA",3.224979,15.598278,10.647025,
201612,"FRA",3.813288,17.386581,12.812217,
201701,"FRA",4.633255,17.318147,14.717086,
201702,"FRA",2.744966,14.724271,10.037296,
201703,"FRA",1.980594,16.789149,8.804331,
201704,"FRA",3.567189,14.976557,6.476438,
201705,"FRA",4.361218,16.412457,4.723307,
201706,"FRA",2.568461,16.356549,3.427960,
201707,"FRA",3.099467,16.550266,3.566747,
201708,"FRA",3.189604,16.359790,3.211320,
201709,"FRA",3.748588,17.597629,4.635973,
201710,"FRA",3.485522,15.955229,6.585631,
201711,"FRA",2.937028,15.978598,10.731233,
201712,"FRA",3.696262,16.969428,12.523889,
201801,"FRA",2.574446,15.291734,10.645454,
201802,"FRA",3.807309,15.822947,12.611735,
201803,"FRA",2.092790,16.967685,10.601309,
201804,"FRA",2.539967,15.491983,5.447771,
201805,"FRA",3.379356,15.258564,3.986478,
201806,"FRA",3.023048,14.944457,3.451928,
201807,"FRA",3.148058,16.301181,3.597011,
201808,"FRA",3.503340,15.835113,3.364333,
201809,"FRA",2.403412,15.202004,3.965794,
201810,"FRA",3.095132,17.628571,6.345251,
201811,"FRA",2.877768,15.391820,9.994194,
201812,"FRA",2.668002,15.236646,10.845594,
201901,"FRA",2.807640,16.230990,13.270779,
201902,"FRA",2.579215,14.602565,9.988995,
201903,"FRA",2.554493,15.307603,8.653091,
201904,"FRA",2.386142,15.699288,7.042188,
201905,"FRA",2.212643,15.129714,5.494172,
201906,"FRA",2.279338,15.038555,3.744213,
201907,"FRA",2.522389,17.337768,3.893486,
201908,"FRA",2.397659,15.350249,3.297481,
201909,"FRA",2.226209,16.260861,4.163451,
201910,"FRA",2.362004,16.121520,6.042592,
201911,"FRA",2.595423,14.934583,10.109589,
201912,"FRA",2.508915,15.309516,10.704953,
202001,"FRA",2.826350,16.008604,11.863077,
202002,"FRA",2.499692,14.670867,9.318342,
202003,"FRA",2.162624,13.695364,8.795292,
202004,"FRA",1.766593,9.813444,4.308335,
202005,"FRA",1.692280,11.768563,4.065206,
202006,"FRA",1.457861,13.768756,3.880521,
202007,"FRA",1.665229,15.473244,3.721016,
202008,"FRA",1.606031,13.775984,3.318992,
202009,"FRA",1.810204,14.393783,4.242882,
202010,"FRA",1.729987,15.388902,6.884103,
202011,"FRA",2.029051,12.024389,8.747719,
202012,"FRA",2.606381,14.746059,10.912497,
202101,"FRA",3.263569,14.037495,12.695841,
202102,"FRA",2.348187,13.429914,9.736522,
202103,"FRA",2.557664,15.557209,9.527316,
202104,"FRA",2.451729,13.623727,7.407123,
202105,"FRA",2.341321,13.507467,5.371981,
202106,"FRA",2.183574,15.388238,3.460201,
202107,"FRA",2.237621,15.796409,3.300843,
202108,"FRA",2.220854,14.950319,2.699622,
202109,"FRA",2.661953,15.923849,3.610981,
202110,"FRA",2.698916,15.963383,6.043377,
202111,"FRA",2.647182,15.185692,10.265805,
202112,"FRA",2.886591,15.919349,11.359046,
202201,"FRA",3.138991,14.583118,12.457851,
202202,"FRA",2.615533,14.516276,9.266252,
202203,"FRA",2.926400,15.836986,8.644851,
202204,"FRA",1.770186,14.077546,6.556517,
202205,"FRA",1.957505,14.513896,4.156747,
202206,"FRA",2.018167,14.684912,3.529669,
202207,"FRA",1.869484,14.974245,3.533193,
202208,"FRA",1.875571,14.721090,3.211534,
202209,"FRA",1.711323,16.402549,4.015888,
202210,"FRA",1.850321,15.052430,4.600233,
202211,"FRA",1.926014,14.678552,7.101166,
202212,"FRA",2.496808,14.922117,10.455329,
202301,"FRA",1.918963,14.317463,9.806396,
202302,"FRA",1.846906,13.723734,8.713662,
202303,"FRA",1.559455,15.398124,7.817006,
202304,"FRA",1.659395,13.323179,5.613214,
202305,"FRA",1.589735,14.475045,3.330650,
202306,"FRA",1.441056,15.411575,2.947461,
202307,"FRA",1.576787,14.767199,2.863676,
202308,"FRA",1.810897,14.417465,2.642782,
202309,"FRA",1.584379,14.072473,3.014224,
202310,"FRA",1.490060,15.095786,4.087977,
202311,"FRA",1.485405,13.485323,7.402686,
202312,"FRA",1.540073,13.593495,8.797398,
202401,"FRA",1.717970,14.188562,10.157490,
202402,"FRA",1.469929,13.500866,7.125468,
202403,"FRA",1.526390,13.827555,6.611335,
202404,"FRA",1.425894,14.514837,4.694880,
202405,"FRA",1.481705,13.926835,3.215615,
202406,"FRA",1.285813,13.775739,2.624158,
202407,"FRA",1.520170,15.550844,2.525177,
202408,"FRA",1.510983,14.288422,2.155236,
202409,"FRA",1.479913,14.506165,2.933245,
202410,"FRA",1.508994,15.160274,4.150855,
202411,"FRA",1.720092,13.031968,7.214714,
202412,"FRA",1.516507,13.720899,8.890339,
202501,"FRA",1.637637,13.645388,9.883848,
202502,"FRA",1.525872,12.840891,8.208483,
202503,"FRA",1.429096,13.873536,6.738778,
202504,"FRA",1.427658,15.934604,3.870095,
202505,"FRA",1.424846,13.450495,2.792197,
202506,"FRA",1.270590,14.287421,2.351350,
202507,"FRA",1.362763,14.672198,2.397165,
202508,"FRA",1.431026,13.162089,2.096426,
202509,"FRA",1.415445,14.135264,2.854382,
202510,"FRA",1.562855,14.792911,4.434839,
202511,"FRA",1.400383,12.309065,6.390072,
202512,"FRA",1.266920,14.157818,8.051932,
202601,"FRA",1.637663,12.456321,9.817048,
202602,"FRA",0.903218,12.384045,6.470463,
202603,"FRA",1.465092,13.476449,5.901259,
202604,"FRA",1.299665,12.764705,3.790824,
202605,"FRA",1.345301,11.663969,2.772531,
202606,"FRA",1.330142,13.903416,2.383616,
202607,"FRA",,,2.362364,
202608,"FRA",,,,
202609,"FRA",,,,
202610,"FRA",,,,
202611,"FRA",,,,
202612,"FRA",,,,
200801,"GRC",3.769514,5.773549,0.807443,
200802,"GRC",3.232578,5.394156,0.760028,
200803,"GRC",2.371492,4.119597,0.747503,
200804,"GRC",3.547448,3.918335,0.567486,
200805,"GRC",3.343943,3.253381,0.644821,
200806,"GRC",4.100956,3.530936,0.716689,
200807,"GRC",4.505978,4.070350,0.803666,
200808,"GRC",4.099625,3.792510,0.690695,
200809,"GRC",3.772166,3.818783,0.681799,
200810,"GRC",3.913360,4.244580,0.566045,
200811,"GRC",3.514961,4.973749,0.528570,
200812,"GRC",3.113254,5.834262,0.594375,
200901,"GRC",3.173945,5.179873,0.565958,
200902,"GRC",3.350376,5.381972,0.471983,
200903,"GRC",3.763985,5.024751,0.418811,
200904,"GRC",3.209612,4.252309,0.393687,
200905,"GRC",3.514842,3.430601,0.519498,
200906,"GRC",3.724271,3.782398,0.510915,
200907,"GRC",4.100745,3.820105,0.604123,
200908,"GRC",3.684642,3.753064,0.531820,
200909,"GRC",4.074258,3.291799,0.574108,
200910,"GRC",3.589020,3.973896,0.659309,
200911,"GRC",3.231464,3.888829,0.676761,
200912,"GRC",2.825775,4.347898,0.696323,
201001,"GRC",3.333125,4.494646,0.688942,
201002,"GRC",2.792360,4.488002,0.615168,
201003,"GRC",3.187703,4.168264,0.592794,
201004,"GRC",3.547085,3.572940,0.504796,
201005,"GRC",3.818171,2.963539,0.552580,
201006,"GRC",3.815068,3.266657,0.493899,
201007,"GRC",3.590946,3.529852,0.647860,
201008,"GRC",4.353445,3.382425,0.637011,
201009,"GRC",3.359863,2.788752,0.527748,
201010,"GRC",3.369660,3.656294,0.642363,
201011,"GRC",3.169925,3.531474,0.554943,
201012,"GRC",2.922496,4.158790,0.707939,
201101,"GRC",3.289028,3.873786,0.773675,
201102,"GRC",3.381904,4.106241,0.724679,
201103,"GRC",3.616149,3.987412,0.852106,
201104,"GRC",3.368658,3.725975,0.685606,
201105,"GRC",3.855710,2.637331,0.665235,
201106,"GRC",2.655734,2.994964,0.671437,
201107,"GRC",4.109446,3.076750,0.825008,
201108,"GRC",4.137163,3.133827,0.643242,
201109,"GRC",3.575077,2.796613,0.678641,
201110,"GRC",3.472664,3.156864,0.668050,
201111,"GRC",3.406630,3.429285,0.815705,
201112,"GRC",3.211575,3.581780,0.807595,
201201,"GRC",4.065231,4.190857,0.984955,
201202,"GRC",3.532420,3.673489,0.970955,
201203,"GRC",3.468741,3.294229,0.790811,
201204,"GRC",3.039221,3.310263,0.510297,
201205,"GRC",3.198053,2.664580,0.553482,
201206,"GRC",3.667167,2.856531,0.502752,
201207,"GRC",4.223058,2.733030,0.671791,
201208,"GRC",4.071182,3.253869,0.551916,
201209,"GRC",3.411094,2.492147,0.579631,
201210,"GRC",3.597329,2.621083,0.555191,
201211,"GRC",3.340542,2.345955,0.577400,
201212,"GRC",3.644692,2.862438,0.844864,
201301,"GRC",3.715858,2.716405,0.953634,
201302,"GRC",2.813519,2.670649,0.873341,
201303,"GRC",2.725789,2.497073,0.890892,
201304,"GRC",2.253998,2.640892,0.584644,
201305,"GRC",2.971689,2.592313,0.449006,
201306,"GRC",3.192636,2.569717,0.379870,
201307,"GRC",3.303295,2.942749,0.374734,
201308,"GRC",3.357579,2.964046,0.362892,
201309,"GRC",3.193072,2.654772,0.436660,
201310,"GRC",3.050361,2.619352,0.490468,
201311,"GRC",3.108587,2.777775,0.696636,
201312,"GRC",3.606332,3.266759,0.842996,
201401,"GRC",3.626176,2.629634,0.675296,
201402,"GRC",3.010036,2.473643,0.600429,
201403,"GRC",2.915775,2.541201,0.484007,
201404,"GRC",2.792455,2.492783,0.418251,
201405,"GRC",2.707532,2.562477,0.325258,
201406,"GRC",2.935286,2.686984,0.383060,
201407,"GRC",3.049642,3.042411,0.456239,
201408,"GRC",3.109009,2.905839,0.377226,
201409,"GRC",2.751224,2.704527,0.394919,
201410,"GRC",2.776448,2.986588,0.375009,
201411,"GRC",2.615106,2.985144,0.505170,
201412,"GRC",2.942625,3.475136,0.564176,
201501,"GRC",2.921103,3.260669,0.636040,
201502,"GRC",2.052135,2.815278,0.536910,
201503,"GRC",2.470499,2.815737,0.490647,
201504,"GRC",1.859025,2.783398,0.356176,
201505,"GRC",2.491298,2.476806,0.293165,
201506,"GRC",2.706357,2.744636,0.292776,
201507,"GRC",3.530583,2.840023,0.542347,
201508,"GRC",1.731544,2.950498,0.433752,
201509,"GRC",2.678202,2.664494,0.455160,
201510,"GRC",1.919553,2.839978,0.624777,
201511,"GRC",2.734691,2.951763,0.526327,
201512,"GRC",2.859424,3.839399,0.846677,
201601,"GRC",2.765642,3.104686,0.790348,
201602,"GRC",1.901460,2.855579,0.531525,
201603,"GRC",1.613647,2.902199,0.561043,
201604,"GRC",1.231046,2.932483,0.489691,
201605,"GRC",1.333879,2.481529,0.487932,
201606,"GRC",1.615253,2.709424,0.658835,
201607,"GRC",2.172717,2.963797,0.665188,
201608,"GRC",2.135476,3.105009,0.580738,
201609,"GRC",1.835518,2.796592,0.609377,
201610,"GRC",2.089987,2.698613,0.719338,
201611,"GRC",2.260601,3.032122,0.743920,
201612,"GRC",2.643466,3.990886,1.074193,
201701,"GRC",2.780399,3.300565,1.232506,
201702,"GRC",2.420145,2.803134,0.848595,
201703,"GRC",1.984857,2.818922,0.639380,
201704,"GRC",1.656936,2.635896,0.554061,
201705,"GRC",1.651475,2.603808,0.614053,
201706,"GRC",1.907865,2.812564,0.761955,
201707,"GRC",2.374557,3.096148,0.787869,
201708,"GRC",2.173443,3.152117,0.816569,
201709,"GRC",1.860339,2.736071,0.720298,
201710,"GRC",2.312535,2.738041,0.695705,
201711,"GRC",2.569005,2.930491,0.909174,
201712,"GRC",2.333389,3.404168,0.955916,
201801,"GRC",2.678017,2.979024,0.928526,
201802,"GRC",2.160981,2.775613,0.800454,
201803,"GRC",1.525095,2.728567,0.632453,
201804,"GRC",1.075740,2.496979,0.562686,
201805,"GRC",1.777565,2.493758,0.612134,
201806,"GRC",2.145863,2.740021,0.661677,
201807,"GRC",2.622188,3.078154,0.739733,
201808,"GRC",2.443431,3.058177,0.701368,
201809,"GRC",1.872945,2.655120,0.750721,
201810,"GRC",1.674216,2.664989,0.803674,
201811,"GRC",2.200210,2.748951,0.817789,
201812,"GRC",2.681693,3.417356,1.060530,
201901,"GRC",2.358268,3.178144,1.297557,
201902,"GRC",1.594056,2.694287,0.943665,
201903,"GRC",1.650058,2.642106,0.727844,
201904,"GRC",1.550234,2.732013,0.680974,
201905,"GRC",1.224179,2.624261,0.617205,
201906,"GRC",1.441950,2.723059,0.755324,
201907,"GRC",1.430469,3.048559,0.935143,
201908,"GRC",1.428954,3.013272,0.856101,
201909,"GRC",0.980575,2.691023,0.825078,
201910,"GRC",1.086030,2.696502,0.779022,
201911,"GRC",1.383950,2.620571,0.730429,
201912,"GRC",1.756349,3.254994,0.849830,
202001,"GRC",1.941688,3.082499,0.998454,
202002,"GRC",1.542101,2.769261,0.817781,
202003,"GRC",0.917949,2.554343,0.781122,
202004,"GRC",0.667785,2.651440,0.492041,
202005,"GRC",0.424144,2.542977,0.457173,
202006,"GRC",0.369314,2.174599,0.838850,
202007,"GRC",0.508182,2.762056,0.896446,
202008,"GRC",0.573904,2.555014,0.847040,
202009,"GRC",0.502083,2.539616,0.946752,
202010,"GRC",0.499785,2.488488,1.228374,
202011,"GRC",0.950742,2.293387,1.538742,
202012,"GRC",1.256681,2.599073,1.200237,
202101,"GRC",1.375864,2.324749,1.209116,
202102,"GRC",0.869532,2.467936,0.871942,
202103,"GRC",1.038036,2.419301,1.042523,
202104,"GRC",0.751699,2.382368,1.051212,
202105,"GRC",0.635468,2.215745,0.773784,
202106,"GRC",0.418463,2.625832,1.031817,
202107,"GRC",0.687701,3.010385,1.177644,
202108,"GRC",0.945664,3.045515,1.110301,
202109,"GRC",0.611787,2.766518,0.998439,
202110,"GRC",0.600714,2.774713,0.949118,
202111,"GRC",0.536511,2.774635,0.990168,
202112,"GRC",0.792505,3.473081,1.157266,
202201,"GRC",1.183101,3.012624,1.142149,
202202,"GRC",0.620209,2.881975,0.989090,
202203,"GRC",1.018024,2.737315,1.252557,
202204,"GRC",0.283708,2.461623,0.588665,
202205,"GRC",0.315181,2.538222,0.680263,
202206,"GRC",0.761485,2.734372,0.828249,
202207,"GRC",1.067119,3.075220,1.043090,
202208,"GRC",1.088894,3.251448,0.954101,
202209,"GRC",0.599324,3.014562,0.633315,
202210,"GRC",0.435346,3.023644,0.482588,
202211,"GRC",0.560439,3.137212,0.697427,
202212,"GRC",0.818782,3.409027,0.927415,
202301,"GRC",0.592213,2.234959,0.734349,
202302,"GRC",0.888016,2.586177,0.763575,
202303,"GRC",0.658780,2.515484,0.710078,
202304,"GRC",0.411507,2.493688,0.693279,
202305,"GRC",0.363109,2.591922,0.569953,
202306,"GRC",0.322139,2.802570,0.757619,
202307,"GRC",0.809053,3.150211,0.941500,
202308,"GRC",0.496289,3.138345,0.815717,
202309,"GRC",0.215229,2.831703,0.775057,
202310,"GRC",0.415783,2.842105,0.787360,
202311,"GRC",0.578169,2.753702,0.655732,
202312,"GRC",0.775637,3.053922,0.870807,
202401,"GRC",0.607752,2.802775,1.066162,
202402,"GRC",0.603559,2.534668,0.870837,
202403,"GRC",0.526295,2.492930,0.956839,
202404,"GRC",0.380218,2.554260,0.762325,
202405,"GRC",0.165254,2.611002,0.905477,
202406,"GRC",0.261045,2.820848,0.975904,
202407,"GRC",0.543630,3.142001,1.126238,
202408,"GRC",0.358624,3.163570,1.011691,
202409,"GRC",0.204469,2.821764,0.875248,
202410,"GRC",0.161987,2.882195,0.871856,
202411,"GRC",0.563806,2.889222,1.195984,
202412,"GRC",0.655898,2.929878,1.279623,
202501,"GRC",0.450835,2.712222,1.372156,
202502,"GRC",0.452284,2.785834,1.403296,
202503,"GRC",0.425587,2.592710,0.963819,
202504,"GRC",0.324699,2.650058,0.712510,
202505,"GRC",0.270906,2.600289,0.772075,
202506,"GRC",0.250634,2.809898,0.991611,
202507,"GRC",0.354066,3.185841,1.145472,
202508,"GRC",0.289114,3.068557,0.954951,
202509,"GRC",0.303974,2.792723,0.904165,
202510,"GRC",0.367440,2.923291,1.023609,
202511,"GRC",0.399274,2.584327,0.985870,
202512,"GRC",0.376888,3.123755,1.382145,
202601,"GRC",0.384429,2.692007,1.444871,
202602,"GRC",0.280725,2.335097,1.030130,
202603,"GRC",0.271837,2.539510,1.182764,
202604,"GRC",0.199027,2.232312,0.773659,
202605,"GRC",0.172841,2.380780,0.822400,
202606,"GRC",0.128058,2.717302,0.904105,
202607,"GRC",0.134047,,0.942503,
202608,"GRC",,,,
202609,"GRC",,,,
202610,"GRC",,,,
202611,"GRC",,,,
202612,"GRC",,,,
200801,"HRV",0.238890,1.017870,0.544727,
200802,"HRV",0.223618,1.053114,0.570034,
200803,"HRV",0.230674,0.977423,0.571509,
200804,"HRV",0.218295,1.177541,0.453325,
200805,"HRV",0.232408,0.975323,0.356075,
200806,"HRV",0.260059,0.970105,0.359564,
200807,"HRV",0.263407,1.158312,0.377549,
200808,"HRV",0.228984,1.045457,0.372832,
200809,"HRV",0.229312,1.013167,0.399417,
200810,"HRV",0.277307,1.020779,0.472097,
200811,"HRV",0.254901,1.054320,0.579322,
200812,"HRV",0.191065,0.984319,0.636620,
200901,"HRV",0.215579,1.011668,0.565924,
200902,"HRV",0.155726,0.978125,0.538560,
200903,"HRV",0.136654,1.034688,0.493003,
200904,"HRV",0.115701,1.022184,0.372880,
200905,"HRV",0.117219,1.080728,0.322288,
200906,"HRV",0.043527,0.984947,0.242489,
200907,"HRV",0.117246,1.330516,0.337590,
200908,"HRV",0.164489,1.089906,0.367596,
200909,"HRV",0.228160,0.977570,0.356182,
200910,"HRV",0.280636,1.175434,0.476803,
200911,"HRV",0.249663,0.800707,0.539357,
200912,"HRV",0.204460,0.939388,0.643530,
201001,"HRV",0.228766,0.768759,0.616864,
201002,"HRV",0.212449,0.765920,0.592531,
201003,"HRV",0.255787,0.778967,0.553885,
201004,"HRV",0.175677,0.841443,0.396929,
201005,"HRV",0.169021,0.781564,0.344611,
201006,"HRV",0.166412,0.975522,0.291651,
201007,"HRV",0.268171,1.006872,0.370721,
201008,"HRV",0.273936,1.090178,0.368450,
201009,"HRV",0.278229,1.058047,0.431134,
201010,"HRV",0.238058,0.922903,0.518693,
201011,"HRV",0.236155,0.763411,0.533846,
201012,"HRV",0.235539,0.807217,0.693121,
201101,"HRV",0.256977,0.884884,0.578467,
201102,"HRV",0.211930,0.771713,0.594541,
201103,"HRV",0.234088,0.826904,0.567141,
201104,"HRV",0.223861,0.968811,0.377269,
201105,"HRV",0.159629,0.794747,0.333004,
201106,"HRV",0.250375,0.834046,0.320887,
201107,"HRV",0.234358,0.830364,0.354024,
201108,"HRV",0.236605,1.075334,0.340472,
201109,"HRV",0.231870,0.893015,0.332757,
201110,"HRV",0.253648,0.939980,0.497008,
201111,"HRV",0.273941,0.842670,0.630002,
201112,"HRV",0.227216,0.757585,0.638756,
201201,"HRV",0.225567,0.695859,0.587386,
201202,"HRV",0.196158,0.740257,0.741208,
201203,"HRV",0.248040,0.757941,0.497393,
201204,"HRV",0.126921,0.689861,0.431622,
201205,"HRV",0.073007,0.968325,0.389666,
201206,"HRV",0.164245,0.818421,0.211161,
201207,"HRV",0.193104,1.027837,0.314288,
201208,"HRV",0.239396,1.015371,0.254241,
201209,"HRV",0.236635,0.843678,0.262162,
201210,"HRV",0.269199,0.837608,0.411947,
201211,"HRV",0.254281,0.687522,0.472556,
201212,"HRV",0.257222,0.627859,0.621217,
201301,"HRV",0.222181,0.608798,0.624615,
201302,"HRV",0.200079,0.610185,0.560998,
201303,"HRV",0.210216,0.715822,0.572758,
201304,"HRV",0.159816,0.702794,0.382616,
201305,"HRV",0.174988,0.705587,0.269524,
201306,"HRV",0.210324,0.809746,0.233584,
201307,"HRV",0.232346,0.977071,0.254520,
201308,"HRV",0.253548,0.859085,0.279358,
201309,"HRV",0.239198,0.822026,0.297759,
201310,"HRV",0.275305,0.798310,0.384593,
201311,"HRV",0.255969,0.716810,0.467118,
201312,"HRV",0.244017,0.747068,0.584366,
201401,"HRV",0.213964,0.684081,0.483300,
201402,"HRV",0.172398,0.712699,0.460378,
201403,"HRV",0.249381,0.683469,0.373997,
201404,"HRV",0.216361,0.651908,0.315598,
201405,"HRV",0.213154,0.695896,0.275984,
201406,"HRV",0.224908,0.812188,0.202742,
201407,"HRV",0.248415,0.870484,0.262455,
201408,"HRV",0.217855,0.863915,0.257685,
201409,"HRV",0.117739,0.746785,0.305524,
201410,"HRV",0.204872,0.816256,0.371369,
201411,"HRV",0.255905,0.714304,0.468262,
201412,"HRV",0.234685,0.707973,0.527780,
201501,"HRV",0.221367,0.655550,0.424813,
201502,"HRV",0.178591,0.591077,0.494623,
201503,"HRV",0.224292,0.734753,0.454242,
201504,"HRV",0.186560,0.776395,0.366765,
201505,"HRV",0.166736,0.804496,0.253734,
201506,"HRV",0.063160,0.881226,0.217589,
201507,"HRV",0.229895,0.828890,0.236338,
201508,"HRV",0.200864,0.984435,0.247109,
201509,"HRV",0.206456,0.779888,0.271626,
201510,"HRV",0.225419,0.733851,0.435449,
201511,"HRV",0.253962,0.785267,0.492325,
201512,"HRV",0.218972,0.832824,0.566372,
201601,"HRV",0.201194,0.672029,0.576146,
201602,"HRV",0.207185,0.698433,0.443000,
201603,"HRV",0.241050,0.574721,0.467524,
201604,"HRV",0.212156,0.727644,0.331834,
201605,"HRV",0.116400,0.757933,0.295992,
201606,"HRV",0.219667,0.876564,0.235758,
201607,"HRV",0.229045,0.821688,0.177586,
201608,"HRV",0.214869,0.958352,0.262650,
201609,"HRV",0.224487,0.818521,0.289016,
201610,"HRV",0.220449,0.796682,0.467480,
201611,"HRV",0.234908,0.785015,0.518281,
201612,"HRV",0.239814,0.852133,0.663842,
201701,"HRV",0.224362,0.576447,0.799138,
201702,"HRV",0.201618,0.731476,0.553777,
201703,"HRV",0.192520,0.671209,0.436489,
201704,"HRV",0.172359,0.756173,0.365234,
201705,"HRV",0.161337,0.912843,0.317418,
201706,"HRV",0.014496,0.869228,0.285378,
201707,"HRV",0.020394,0.956005,0.343443,
201708,"HRV",0.019661,1.015215,0.345225,
201709,"HRV",0.059296,0.971794,0.353068,
201710,"HRV",0.114619,0.897762,0.471114,
201711,"HRV",0.181734,0.782972,0.565319,
201712,"HRV",0.188867,0.840460,0.596557,
201801,"HRV",0.153637,0.662501,0.604442,
201802,"HRV",0.108415,0.674291,0.630429,
201803,"HRV",0.120775,0.710120,0.564805,
201804,"HRV",0.010134,0.658866,0.308187,
201805,"HRV",0.017010,0.749813,0.262449,
201806,"HRV",0.126277,0.848319,0.269499,
201807,"HRV",0.070364,1.015823,0.209977,
201808,"HRV",0.126277,1.012150,0.303848,
201809,"HRV",0.143800,0.831626,0.289024,
201810,"HRV",0.159950,0.887958,0.427050,
201811,"HRV",0.212024,0.782022,0.513464,
201812,"HRV",0.199911,0.722382,0.659218,
201901,"HRV",0.150773,0.809249,0.689854,
201902,"HRV",0.137196,0.693740,0.546621,
201903,"HRV",0.132062,0.655829,0.425703,
201904,"HRV",0.134555,0.644777,0.359834,
201905,"HRV",0.142992,0.737264,0.359654,
201906,"HRV",0.138358,0.773585,0.266575,
201907,"HRV",0.140675,0.909607,0.302631,
201908,"HRV",0.145308,0.958725,0.324542,
201909,"HRV",0.138343,0.823380,0.329212,
201910,"HRV",0.171353,0.853010,0.468000,
201911,"HRV",0.134614,0.675595,0.578680,
201912,"HRV",0.111304,0.751624,0.591252,
202001,"HRV",0.066564,0.614129,0.682564,
202002,"HRV",0.140258,0.678863,0.538504,
202003,"HRV",0.074371,0.645982,0.527671,
202004,"HRV",0.024259,0.531191,0.351797,
202005,"HRV",0.032066,0.643623,0.345204,
202006,"HRV",0.128428,0.696818,0.327981,
202007,"HRV",0.145719,0.852198,0.351349,
202008,"HRV",0.166789,0.802314,0.335108,
202009,"HRV",0.149058,0.759699,0.359150,
202010,"HRV",0.155669,0.726717,0.479743,
202011,"HRV",0.179928,0.681298,0.594463,
202012,"HRV",0.160732,0.638071,0.627407,
202101,"HRV",0.135703,0.531078,0.563689,
202102,"HRV",0.148085,0.605992,0.525489,
202103,"HRV",0.171353,0.706295,0.595351,
202104,"HRV",0.037147,0.677648,0.488073,
202105,"HRV",0.041052,0.700096,0.331444,
202106,"HRV",0.157392,0.752972,0.257009,
202107,"HRV",0.174428,0.927178,0.335366,
202108,"HRV",0.154235,0.864332,0.331316,
202109,"HRV",0.156721,0.828320,0.323224,
202110,"HRV",0.166776,0.761722,0.433380,
202111,"HRV",0.163701,0.733317,0.570154,
202112,"HRV",0.145835,0.636021,0.596201,
202201,"HRV",0.144655,0.545600,0.716643,
202202,"HRV",0.145465,0.690686,0.576977,
202203,"HRV",0.116426,0.765618,0.517854,
202204,"HRV",0.070003,0.696706,0.379411,
202205,"HRV",0.161456,0.721990,0.262726,
202206,"HRV",0.143105,0.836380,0.255483,
202207,"HRV",0.170519,0.949833,0.304979,
202208,"HRV",0.148409,0.926117,0.276019,
202209,"HRV",0.128739,0.921910,0.273604,
202210,"HRV",0.150925,0.932238,0.392026,
202211,"HRV",0.118786,0.725309,0.451471,
202212,"HRV",0.114877,0.757004,0.477783,
202301,"HRV",0.130223,0.656775,0.552203,
202302,"HRV",0.105087,0.716569,0.536390,
202303,"HRV",0.138042,0.826491,0.501472,
202304,"HRV",0.055654,0.892973,0.424757,
202305,"HRV",0.033629,0.890071,0.331008,
202306,"HRV",0.140396,0.911020,0.274015,
202307,"HRV",0.130980,0.988597,0.340105,
202308,"HRV",0.156194,1.038737,0.396794,
202309,"HRV",0.152243,0.952622,0.344926,
202310,"HRV",0.156194,0.858042,0.431540,
202311,"HRV",0.129383,0.771154,0.567015,
202312,"HRV",0.050267,0.802824,0.513332,
202401,"HRV",0.023049,0.789665,0.538513,
202402,"HRV",0.015878,0.722519,0.433752,
202403,"HRV",0.015878,0.865595,0.402676,
202404,"HRV",0.020659,0.871148,0.317251,
202405,"HRV",0.026208,0.882165,0.254050,
202406,"HRV",0.019890,0.980729,0.212791,
202407,"HRV",0.118656,1.004413,0.261242,
202408,"HRV",0.142558,1.180790,0.319301,
202409,"HRV",0.098845,1.047034,0.365929,
202410,"HRV",0.152119,0.959509,0.454356,
202411,"HRV",0.149808,0.953710,0.530719,
202412,"HRV",0.167308,0.950832,0.620844,
202501,"HRV",0.022375,0.979887,0.623988,
202502,"HRV",0.026319,0.716197,0.569128,
202503,"HRV",0.023147,0.857884,0.486718,
202504,"HRV",0.030348,0.885219,0.419643,
202505,"HRV",0.021603,1.125178,0.228150,
202506,"HRV",0.030348,1.091308,0.182518,
202507,"HRV",0.107238,1.036519,0.297053,
202508,"HRV",0.102358,1.136544,0.310988,
202509,"HRV",0.156874,1.048150,0.289940,
202510,"HRV",0.169647,1.059070,0.466211,
202511,"HRV",0.090357,0.742644,0.593998,
202512,"HRV",0.148044,0.985971,0.774445,
202601,"HRV",0.140764,0.915968,0.736486,
202602,"HRV",0.111960,0.897607,0.566273,
202603,"HRV",0.018346,0.999964,0.437195,
202604,"HRV",0.020747,0.927121,0.372444,
202605,"HRV",0.020747,1.013051,0.240668,
202606,"HRV",0.054351,1.130744,0.158775,
202607,"HRV",,,0.208991,
202608,"HRV",,,0.213831,
202609,"HRV",,,,
202610,"HRV",,,,
202611,"HRV",,,,
202612,"HRV",,,,
200801,"HUN",1.172332,1.321526,3.481221,
200802,"HUN",1.026366,1.338240,2.887350,
200803,"HUN",0.967525,1.413605,2.665504,
200804,"HUN",1.102753,1.507735,1.944843,
200805,"HUN",0.972794,1.507731,1.312300,
200806,"HUN",1.090654,1.357680,1.198028,
200807,"HUN",1.261999,1.498228,1.194729,
200808,"HUN",1.082573,1.442445,1.087105,
200809,"HUN",1.079059,1.470196,1.445883,
200810,"HUN",1.187324,1.592814,1.888217,
200811,"HUN",0.946113,1.484251,2.360587,
200812,"HUN",1.225473,1.402045,2.935728,
200901,"HUN",0.892657,1.400187,3.324761,
200902,"HUN",0.883909,1.194089,2.753985,
200903,"HUN",0.885847,1.461084,2.419326,
200904,"HUN",0.902159,1.486417,1.184050,
200905,"HUN",0.930390,1.365000,0.983907,
200906,"HUN",0.938510,1.437142,0.843721,
200907,"HUN",1.081257,1.466510,0.828719,
200908,"HUN",0.875833,1.332433,0.812613,
200909,"HUN",0.906087,1.561462,0.933783,
200910,"HUN",1.002216,1.539987,1.807709,
200911,"HUN",0.982796,1.497812,2.309095,
200912,"HUN",0.950841,1.518408,3.011978,
201001,"HUN",1.903726,0.989619,3.478723,
201002,"HUN",0.159840,1.057335,2.918329,
201003,"HUN",0.945178,1.359034,2.497635,
201004,"HUN",0.707478,1.341649,1.550540,
201005,"HUN",0.974681,1.257292,1.105360,
201006,"HUN",0.772969,1.375696,0.920868,
201007,"HUN",0.848847,1.451267,0.842930,
201008,"HUN",0.934380,1.474678,0.805405,
201009,"HUN",1.098012,1.396594,1.077241,
201010,"HUN",1.025793,1.551592,1.996217,
201011,"HUN",1.173523,1.484197,2.176230,
201012,"HUN",1.168191,1.328300,3.327825,
201101,"HUN",1.100411,1.203144,3.252962,
201102,"HUN",1.002388,1.094204,2.944517,
201103,"HUN",1.086898,1.249136,2.426740,
201104,"HUN",0.814654,1.259838,1.381147,
201105,"HUN",0.945795,1.117496,1.077136,
201106,"HUN",1.068923,1.218440,0.893842,
201107,"HUN",0.929781,1.290281,0.866223,
201108,"HUN",1.060204,1.376124,0.835802,
201109,"HUN",1.021115,1.371013,0.996521,
201110,"HUN",0.929372,1.468118,1.638583,
201111,"HUN",0.967042,1.219106,2.602848,
201112,"HUN",1.087618,1.273504,2.745121,
201201,"HUN",1.196815,1.095582,2.789954,
201202,"HUN",0.784125,1.039628,3.260294,
201203,"HUN",0.855186,1.228636,1.880633,
201204,"HUN",0.736370,0.957767,1.338414,
201205,"HUN",0.812335,1.262011,0.925800,
201206,"HUN",1.065420,1.207362,0.803514,
201207,"HUN",0.921336,1.313239,0.833710,
201208,"HUN",0.933835,1.278866,0.777438,
201209,"HUN",1.114784,1.287696,0.854551,
201210,"HUN",0.986636,1.403411,1.340547,
201211,"HUN",0.996120,1.260645,1.826930,
201212,"HUN",1.128754,1.136638,2.693986,
201301,"HUN",0.994216,1.108855,2.880124,
201302,"HUN",0.862770,1.062518,2.348208,
201303,"HUN",0.922035,1.076192,2.190878,
201304,"HUN",0.635785,1.231550,1.283466,
201305,"HUN",0.866342,1.189027,0.773787,
201306,"HUN",0.720754,1.145568,0.724248,
201307,"HUN",0.884057,1.164516,0.692133,
201308,"HUN",0.743362,1.196978,0.660323,
201309,"HUN",0.824941,1.180925,0.848552,
201310,"HUN",0.987572,1.338441,1.328446,
201311,"HUN",0.906716,1.235681,1.788231,
201312,"HUN",0.902918,1.052671,2.512377,
201401,"HUN",0.807489,1.064869,2.426815,
201402,"HUN",0.825079,1.044801,2.047875,
201403,"HUN",0.914166,1.234590,1.600903,
201404,"HUN",0.531543,1.291271,1.177452,
201405,"HUN",0.777687,1.228223,0.892653,
201406,"HUN",0.775786,1.260433,0.706492,
201407,"HUN",0.879526,1.461118,0.774163,
201408,"HUN",0.866344,1.259544,0.663997,
201409,"HUN",0.954721,1.372308,0.847780,
201410,"HUN",1.040779,1.467947,1.363148,
201411,"HUN",0.977231,1.392079,1.906277,
201412,"HUN",0.933292,1.258042,2.374239,
201501,"HUN",0.986836,1.189316,2.611249,
201502,"HUN",0.858035,1.223177,2.304559,
201503,"HUN",1.059022,1.263636,1.935799,
201504,"HUN",0.683706,1.534508,1.318085,
201505,"HUN",0.781114,1.280411,0.796599,
201506,"HUN",0.734738,1.327300,0.690104,
201507,"HUN",0.724803,1.533006,0.758572,
201508,"HUN",0.869215,1.400391,0.728130,
201509,"HUN",0.951270,1.507247,0.766518,
201510,"HUN",0.944913,1.565216,1.594281,
201511,"HUN",0.997065,1.481901,1.996322,
201512,"HUN",1.029130,1.367861,2.394389,
201601,"HUN",0.924328,1.140471,2.975745,
201602,"HUN",0.785813,1.240043,2.094414,
201603,"HUN",0.891583,1.371125,1.955198,
201604,"HUN",0.568874,1.341242,1.163280,
201605,"HUN",0.620229,1.361994,0.952340,
201606,"HUN",0.684454,1.454938,0.755113,
201607,"HUN",0.900831,1.500834,0.767602,
201608,"HUN",0.925764,1.564688,0.771680,
201609,"HUN",0.830174,1.474733,0.845494,
201610,"HUN",0.844163,1.321010,1.647811,
201611,"HUN",0.939612,1.476789,2.213954,
201612,"HUN",0.956694,1.466270,2.898312,
201701,"HUN",0.832739,1.331856,3.516642,
201702,"HUN",0.860781,1.186656,2.402056,
201703,"HUN",1.024040,1.472335,1.739519,
201704,"HUN",0.656100,1.360337,1.467844,
201705,"HUN",0.518959,1.492374,0.951014,
201706,"HUN",0.542659,1.475425,0.839368,
201707,"HUN",1.021767,1.532968,0.843518,
201708,"HUN",0.853161,1.605241,0.858246,
201709,"HUN",0.936389,1.508924,1.006179,
201710,"HUN",0.966768,1.678884,1.548365,
201711,"HUN",0.998788,1.450573,2.260297,
201712,"HUN",0.964893,1.535994,2.673933,
201801,"HUN",0.711139,1.527928,2.665204,
201802,"HUN",0.683118,1.354130,2.720731,
201803,"HUN",0.753805,1.535756,2.532975,
201804,"HUN",0.671049,1.365232,1.093703,
201805,"HUN",0.650131,1.672245,0.821037,
201806,"HUN",0.644085,1.598309,0.780203,
201807,"HUN",0.799282,1.716697,0.819011,
201808,"HUN",0.799406,1.560210,0.727818,
201809,"HUN",0.811408,1.618058,0.936953,
201810,"HUN",0.920956,1.656031,1.402694,
201811,"HUN",0.847840,1.575754,2.044132,
201812,"HUN",1.284535,1.532842,2.922317,
201901,"HUN",0.695746,1.525649,3.203306,
201902,"HUN",0.681489,1.377609,2.333365,
201903,"HUN",0.797764,1.588003,1.887640,
201904,"HUN",0.691292,1.730873,1.343927,
201905,"HUN",0.583788,1.547200,1.219778,
201906,"HUN",0.561097,1.617942,0.731137,
201907,"HUN",0.749156,1.827661,0.795912,
201908,"HUN",0.613325,1.740954,0.858487,
201909,"HUN",0.713754,1.663951,1.044509,
201910,"HUN",0.748241,1.803974,1.559461,
201911,"HUN",0.765364,1.607989,1.971273,
201912,"HUN",0.723316,1.488983,2.649389,
202001,"HUN",0.668621,1.349852,3.231703,
202002,"HUN",0.657255,1.400618,2.429557,
202003,"HUN",0.725342,1.378806,2.188646,
202004,"HUN",0.518250,1.240847,1.354948,
202005,"HUN",0.495485,1.448496,1.010292,
202006,"HUN",0.506557,1.454671,0.842684,
202007,"HUN",0.595440,1.559369,0.893926,
202008,"HUN",0.642106,1.478209,0.838342,
202009,"HUN",0.699115,1.567636,0.983485,
202010,"HUN",0.693794,1.585368,1.718032,
202011,"HUN",0.655705,1.589012,2.408405,
202012,"HUN",0.652966,1.410896,2.653859,
202101,"HUN",0.497914,1.249231,2.998349,
202102,"HUN",0.452600,1.310371,2.582542,
202103,"HUN",0.490833,1.441125,2.392041,
202104,"HUN",0.457071,1.491041,1.852416,
202105,"HUN",0.435655,1.515431,1.227367,
202106,"HUN",0.486183,1.673588,0.829139,
202107,"HUN",0.520490,1.767310,0.862127,
202108,"HUN",0.569942,1.687376,0.855509,
202109,"HUN",0.535308,1.747188,0.911432,
202110,"HUN",0.553126,1.785218,1.835695,
202111,"HUN",0.513421,1.639905,2.432505,
202112,"HUN",0.547809,1.580228,3.017040,
202201,"HUN",0.561655,1.457366,2.895102,
202202,"HUN",0.489377,1.556621,2.438610,
202203,"HUN",0.498794,1.934060,2.356499,
202204,"HUN",0.507995,1.638118,1.662768,
202205,"HUN",0.461130,1.779377,0.844822,
202206,"HUN",0.484897,1.743574,0.813807,
202207,"HUN",0.417005,1.701879,0.791069,
202208,"HUN",0.479618,1.734789,0.680753,
202209,"HUN",0.405727,1.540523,1.037812,
202210,"HUN",0.537994,1.652425,1.078587,
202211,"HUN",0.353294,1.429659,1.803793,
202212,"HUN",0.361292,1.479652,2.324155,
202301,"HUN",0.335868,1.280812,2.202794,
202302,"HUN",0.371199,1.269470,2.139804,
202303,"HUN",0.471852,1.524463,1.775301,
202304,"HUN",0.486114,1.421376,1.412019,
202305,"HUN",0.358793,1.598957,0.899251,
202306,"HUN",0.392612,1.517196,0.753226,
202307,"HUN",0.336954,1.702122,0.772153,
202308,"HUN",0.290025,1.595716,0.705704,
202309,"HUN",0.294136,1.618349,0.761112,
202310,"HUN",0.288688,1.616409,1.129885,
202311,"HUN",0.315173,1.618965,1.819312,
202312,"HUN",0.374075,1.626522,2.305266,
202401,"HUN",0.319401,1.253309,2.523165,
202402,"HUN",0.335585,1.330408,1.715922,
202403,"HUN",0.303295,1.456850,1.621047,
202404,"HUN",0.284428,1.534581,1.106654,
202405,"HUN",0.300832,1.613995,0.824723,
202406,"HUN",0.310284,1.547228,0.705959,
202407,"HUN",0.325496,1.713661,0.698150,
202408,"HUN",0.315837,1.506178,0.683856,
202409,"HUN",0.278733,1.529161,0.832829,
202410,"HUN",0.315501,1.706020,1.327692,
202411,"HUN",0.303152,1.592986,2.144731,
202412,"HUN",0.313872,1.411729,2.444793,
202501,"HUN",0.213450,1.272171,2.571142,
202502,"HUN",0.198654,1.308293,2.457708,
202503,"HUN",0.173349,1.463193,1.798771,
202504,"HUN",0.138206,1.534028,1.182467,
202505,"HUN",0.124103,1.523981,0.915688,
202506,"HUN",0.136587,1.552940,0.609501,
202507,"HUN",0.141615,1.635055,0.631321,
202508,"HUN",0.139255,1.478802,0.537137,
202509,"HUN",0.156132,1.568775,0.747779,
202510,"HUN",0.194879,1.677003,1.526650,
202511,"HUN",0.145903,1.511082,1.980488,
202512,"HUN",0.180457,1.490227,2.367404,
202601,"HUN",0.266435,1.235928,3.064862,
202602,"HUN",0.193154,1.240419,2.157813,
202603,"HUN",0.155688,1.646957,1.622447,
202604,"HUN",0.140916,1.464749,1.186448,
202605,"HUN",0.137525,1.388383,0.794191,
202606,"HUN",0.137650,1.416372,0.731099,
202607,"HUN",,,0.626635,
202608,"HUN",,,0.638275,
202609,"HUN",,,,
202610,"HUN",,,,
202611,"HUN",,,,
202612,"HUN",,,,
200801,"ITA",5.771843,18.733222,20.747854,
200802,"ITA",5.440221,18.112453,19.399077,
200803,"ITA",6.538830,17.911511,16.662138,
200804,"ITA",4.841726,17.481811,13.187696,
200805,"ITA",5.342066,17.582459,10.233957,
200806,"ITA",6.169413,16.827720,10.129361,
200807,"ITA",5.251778,19.417275,10.858997,
200808,"ITA",5.384087,16.551967,8.486825,
200809,"ITA",5.077712,18.639852,11.204045,
200810,"ITA",5.469174,19.380214,12.412774,
200811,"ITA",6.565850,18.144184,15.053139,
200812,"ITA",6.286070,19.921118,18.766066,
200901,"ITA",3.333363,16.195407,20.542240,
200902,"ITA",5.987566,15.622050,17.423107,
200903,"ITA",4.596235,17.081729,14.802880,
200904,"ITA",4.510275,15.973264,9.467623,
200905,"ITA",3.696999,16.034542,8.430637,
200906,"ITA",3.501000,16.355573,8.304475,
200907,"ITA",4.867348,18.033559,9.615571,
200908,"ITA",3.402986,14.728079,8.095463,
200909,"ITA",3.255385,16.769278,10.149925,
200910,"ITA",4.908249,17.616775,12.553275,
200911,"ITA",5.633513,15.920580,15.423912,
200912,"ITA",4.694887,17.748893,19.225192,
201001,"ITA",4.001944,14.900957,21.365495,
201002,"ITA",6.746380,15.161481,18.642301,
201003,"ITA",5.333151,16.963555,17.158963,
201004,"ITA",5.048693,15.907987,11.526429,
201005,"ITA",3.180550,15.417748,9.670698,
201006,"ITA",4.440829,16.086366,8.999360,
201007,"ITA",4.039190,17.448869,10.223311,
201008,"ITA",4.835162,14.640299,7.741726,
201009,"ITA",3.271486,16.206338,9.926238,
201010,"ITA",4.605827,16.149258,12.560233,
201011,"ITA",6.491399,15.975071,15.400281,
201012,"ITA",6.223354,17.386202,21.131839,
201101,"ITA",4.847275,14.201965,20.809727,
201102,"ITA",4.726166,14.773358,17.682183,
201103,"ITA",4.869989,15.814957,16.754295,
201104,"ITA",6.459618,15.093271,9.760053,
201105,"ITA",4.810037,15.043058,9.304055,
201106,"ITA",5.318456,15.925400,8.566760,
201107,"ITA",5.740749,16.184810,9.103556,
201108,"ITA",5.907517,15.193147,7.794328,
201109,"ITA",5.423371,15.654802,10.011734,
201110,"ITA",5.538821,16.389554,10.847163,
201111,"ITA",5.769111,15.221889,14.918281,
201112,"ITA",6.028106,15.964864,17.448250,
201201,"ITA",6.512811,14.050345,19.996796,
201202,"ITA",6.467954,13.775719,21.161992,
201203,"ITA",6.275156,14.613905,13.031541,
201204,"ITA",5.312533,13.588637,10.439059,
201205,"ITA",5.163083,14.455949,8.408426,
201206,"ITA",5.475651,14.734169,8.163930,
201207,"ITA",5.446865,15.401229,9.153607,
201208,"ITA",5.246487,13.959141,8.124500,
201209,"ITA",5.713128,13.958975,8.739595,
201210,"ITA",5.418514,14.857838,9.967868,
201211,"ITA",4.867001,13.983253,12.483457,
201212,"ITA",5.059760,14.222769,18.043056,
201301,"ITA",4.895381,12.293214,18.568609,
201302,"ITA",4.831415,12.333786,17.349965,
201303,"ITA",5.031549,13.360599,15.706741,
201304,"ITA",4.781278,12.806361,9.609601,
201305,"ITA",4.252230,13.237913,7.355094,
201306,"ITA",4.539833,12.632157,6.956102,
201307,"ITA",4.871616,14.465577,7.832760,
201308,"ITA",4.781278,12.986103,6.372317,
201309,"ITA",5.158946,12.989729,8.328121,
201310,"ITA",4.835224,14.432865,9.574211,
201311,"ITA",4.450614,12.605905,12.748607,
201312,"ITA",5.352582,13.698460,17.298840,
201401,"ITA",5.269929,12.974181,16.594977,
201402,"ITA",4.692081,12.023999,13.672782,
201403,"ITA",4.665916,12.900779,11.932744,
201404,"ITA",4.034786,12.635805,8.097258,
201405,"ITA",4.111274,13.091350,7.305718,
201406,"ITA",4.336306,12.653090,7.052369,
201407,"ITA",4.637119,14.092091,7.633705,
201408,"ITA",4.202722,12.226762,5.956501,
201409,"ITA",4.977691,13.178396,8.091279,
201410,"ITA",5.221054,14.034898,9.020189,
201411,"ITA",4.769481,12.467257,11.266925,
201412,"ITA",4.921961,14.083186,14.964938,
201501,"ITA",4.737228,12.536275,17.142148,
201502,"ITA",4.243418,12.118228,15.901565,
201503,"ITA",4.560960,13.211578,13.656326,
201504,"ITA",4.041121,13.437434,8.770725,
201505,"ITA",4.163714,12.792006,7.264645,
201506,"ITA",4.061296,13.336719,7.138889,
201507,"ITA",4.598987,14.906938,8.947568,
201508,"ITA",4.355579,12.820025,6.918597,
201509,"ITA",4.802046,13.858294,8.115937,
201510,"ITA",4.468458,13.755575,9.519689,
201511,"ITA",4.239298,13.050122,12.828617,
201512,"ITA",4.790809,14.116491,16.552328,
201601,"ITA",4.394826,11.712586,18.130916,
201602,"ITA",4.235622,12.550188,14.918483,
201603,"ITA",4.119148,13.225132,13.949584,
201604,"ITA",3.555174,12.946359,8.755736,
201605,"ITA",3.655364,13.187700,8.289187,
201606,"ITA",3.639651,12.910180,7.377870,
201607,"ITA",4.226679,13.462705,8.320922,
201608,"ITA",3.242854,12.798277,7.066143,
201609,"ITA",3.633862,13.269251,9.242192,
201610,"ITA",4.410998,12.740943,11.187911,
201611,"ITA",4.301170,12.079434,14.817232,
201612,"ITA",4.886819,13.394377,18.738477,
201701,"ITA",4.482598,11.385860,22.053817,
201702,"ITA",3.762491,11.111904,15.990565,
201703,"ITA",2.932126,12.703260,12.849053,
201704,"ITA",2.838701,11.261111,9.571001,
201705,"ITA",3.336276,12.718820,8.927631,
201706,"ITA",3.621893,12.820043,8.626754,
201707,"ITA",3.258975,12.757337,9.036531,
201708,"ITA",3.310851,12.149324,7.862639,
201709,"ITA",3.419164,12.156428,8.565395,
201710,"ITA",3.732929,13.082603,10.366809,
201711,"ITA",3.557641,12.177289,15.697638,
201712,"ITA",3.543955,12.721853,19.213233,
201801,"ITA",3.571128,11.639102,17.446509,
201802,"ITA",3.290623,12.304943,17.751024,
201803,"ITA",3.849964,13.196302,16.319524,
201804,"ITA",2.579058,12.351428,9.332233,
201805,"ITA",2.785451,12.785744,8.009502,
201806,"ITA",2.692750,12.627158,7.827613,
201807,"ITA",3.515607,13.261065,8.802341,
201808,"ITA",3.264389,12.464924,7.833529,
201809,"ITA",3.511268,12.010717,9.120712,
201810,"ITA",3.588115,13.454126,9.929327,
201811,"ITA",3.269263,12.369334,13.638515,
201812,"ITA",3.295846,12.459966,17.664102,
201901,"ITA",3.600756,12.046982,20.931277,
201902,"ITA",2.795224,10.956077,15.926596,
201903,"ITA",2.607083,11.683141,13.809384,
201904,"ITA",2.628023,11.894797,10.933682,
201905,"ITA",2.227799,12.037310,9.721040,
201906,"ITA",2.253507,12.176770,8.545929,
201907,"ITA",2.418086,13.205261,9.839541,
201908,"ITA",1.690791,11.710129,8.243715,
201909,"ITA",2.639068,12.684423,9.412916,
201910,"ITA",2.648604,13.724413,10.307533,
201911,"ITA",2.712656,11.882488,13.216826,
201912,"ITA",2.258772,12.606438,15.887044,
202001,"ITA",2.079070,11.944039,19.244262,
202002,"ITA",1.638689,11.315744,15.022943,
202003,"ITA",2.077367,7.983965,13.287512,
202004,"ITA",1.576612,6.057552,8.474427,
202005,"ITA",1.743621,8.122843,7.432022,
202006,"ITA",1.608978,10.709487,8.128957,
202007,"ITA",1.556828,12.450685,9.499009,
202008,"ITA",1.543563,10.930760,8.160747,
202009,"ITA",1.814157,11.868521,9.574472,
202010,"ITA",2.324849,12.172597,10.614949,
202011,"ITA",2.082087,10.611646,13.799803,
202012,"ITA",2.072855,11.595252,17.579186,
202101,"ITA",1.944891,9.535511,19.660146,
202102,"ITA",2.031631,10.552505,15.366082,
202103,"ITA",1.778925,11.248990,15.287075,
202104,"ITA",1.669771,10.904817,12.330982,
202105,"ITA",1.439810,11.804009,8.436155,
202106,"ITA",1.822369,12.833040,8.640345,
202107,"ITA",2.136480,13.609587,9.148690,
202108,"ITA",2.028745,12.233432,7.767590,
202109,"ITA",2.521498,12.878077,9.835063,
202110,"ITA",2.057021,13.076335,11.140045,
202111,"ITA",2.674273,12.211789,15.276989,
202112,"ITA",2.464343,13.296958,19.435995,
202201,"ITA",2.075754,11.504477,19.531112,
202202,"ITA",2.513803,12.443022,15.395243,
202203,"ITA",2.666433,13.466588,15.993245,
202204,"ITA",2.343606,12.582255,10.571310,
202205,"ITA",2.494230,12.854534,8.426057,
202206,"ITA",2.612641,12.881138,8.492262,
202207,"ITA",3.245332,13.755592,8.915666,
202208,"ITA",2.404182,13.056122,7.645453,
202209,"ITA",2.821920,13.860491,8.094929,
202210,"ITA",2.697550,13.073126,8.498319,
202211,"ITA",2.406329,13.197977,11.193275,
202212,"ITA",3.059711,13.257200,14.793239,
202301,"ITA",3.218101,11.273008,15.179673,
202302,"ITA",2.557062,12.152102,14.265745,
202303,"ITA",2.564267,13.300024,11.870972,
202304,"ITA",0.752125,11.884945,9.322869,
202305,"ITA",1.263913,12.814025,7.694747,
202306,"ITA",2.094164,13.102013,7.361859,
202307,"ITA",1.916531,13.837637,8.630867,
202308,"ITA",1.281714,12.360418,6.885729,
202309,"ITA",1.749375,12.678514,8.364557,
202310,"ITA",1.098893,13.349674,8.745864,
202311,"ITA",1.123614,12.939377,11.588522,
202312,"ITA",0.965455,13.021597,14.596615,
202401,"ITA",1.016066,12.053561,15.820122,
202402,"ITA",1.029391,11.606233,12.814645,
202403,"ITA",0.693245,12.430798,11.460340,
202404,"ITA",0.821870,11.985095,8.325985,
202405,"ITA",0.702193,12.634390,7.146778,
202406,"ITA",0.872753,12.423299,6.920503,
202407,"ITA",0.810529,14.079126,8.449989,
202408,"ITA",0.848768,13.095227,7.491911,
202409,"ITA",0.882246,12.568448,8.578009,
202410,"ITA",1.069074,14.101099,8.780554,
202411,"ITA",1.002976,12.626418,12.707019,
202412,"ITA",1.175912,12.455580,15.916700,
202501,"ITA",1.062774,11.521124,16.318458,
202502,"ITA",0.950741,10.971280,14.729863,
202503,"ITA",1.071979,11.971296,12.483758,
202504,"ITA",0.981678,12.098599,8.448300,
202505,"ITA",0.760619,12.227027,6.743766,
202506,"ITA",0.686902,12.318192,7.266914,
202507,"ITA",0.650857,13.322378,8.204902,
202508,"ITA",0.714257,11.718581,6.434320,
202509,"ITA",0.687777,12.452166,8.058611,
202510,"ITA",0.673384,13.513243,9.452331,
202511,"ITA",0.858903,11.284749,13.205379,
202512,"ITA",0.793830,12.565013,15.622880,
202601,"ITA",0.534632,10.792357,18.125254,
202602,"ITA",0.669058,10.093357,13.444268,
202603,"ITA",0.597211,11.693099,12.135665,
202604,"ITA",0.592258,11.523202,7.830980,
202605,"ITA",0.644924,11.026733,7.129565,
202606,"ITA",0.587434,12.211918,7.497777,
202607,"ITA",,,8.845570,
202608,"ITA",,,7.346424,
202609,"ITA",,,,
202610,"ITA",,,,
202611,"ITA",,,,
202612,"ITA",,,,
200801,"LTU",0.095695,0.540083,0.718774,
200802,"LTU",0.064746,0.524533,0.636043,
200803,"LTU",0.053552,0.551655,0.642945,
200804,"LTU",0.078320,0.638371,0.467108,
200805,"LTU",0.054399,0.611316,0.370574,
200806,"LTU",0.075934,0.630395,0.294745,
200807,"LTU",0.076552,0.602972,0.324067,
200808,"LTU",0.051241,0.812958,0.380903,
200809,"LTU",0.072151,0.753459,0.382664,
200810,"LTU",0.087041,0.676747,0.458492,
200811,"LTU",0.104249,0.695653,0.477438,
200812,"LTU",0.053478,0.751440,0.436073,
200901,"LTU",0.036080,0.602634,0.502358,
200902,"LTU",0.043537,0.550765,0.524968,
200903,"LTU",0.048390,0.514747,0.505815,
200904,"LTU",0.043619,0.575984,0.370252,
200905,"LTU",0.046886,0.568157,0.292007,
200906,"LTU",0.068653,0.612812,0.259027,
200907,"LTU",0.076022,0.564298,0.234642,
200908,"LTU",0.056343,0.645719,0.248563,
200909,"LTU",0.081631,0.600403,0.257252,
200910,"LTU",0.060445,0.576062,0.434577,
200911,"LTU",0.061284,0.481763,0.495398,
200912,"LTU",0.066055,0.566545,0.615358,
201001,"LTU",0.071712,0.530347,0.885317,
201002,"LTU",0.051550,0.426145,0.726809,
201003,"LTU",0.054377,0.499024,0.596786,
201004,"LTU",0.038758,0.507747,0.349139,
201005,"LTU",0.043894,0.543882,0.272542,
201006,"LTU",0.046720,0.628626,0.149651,
201007,"LTU",0.057355,0.604258,0.158556,
201008,"LTU",0.096189,0.648983,0.178136,
201009,"LTU",0.088305,0.617043,0.258275,
201010,"LTU",0.119769,0.588326,0.561121,
201011,"LTU",0.082424,0.563904,0.603871,
201012,"LTU",0.091798,0.656463,0.812311,
201101,"LTU",0.058112,0.416621,0.703837,
201102,"LTU",0.060648,0.466656,0.705553,
201103,"LTU",0.049556,0.496957,0.626231,
201104,"LTU",0.061805,0.542000,0.431287,
201105,"LTU",0.063036,0.562311,0.360542,
201106,"LTU",0.074483,0.623294,0.370880,
201107,"LTU",0.061805,0.533623,0.365688,
201108,"LTU",0.121429,0.660028,0.358826,
201109,"LTU",0.138749,0.610556,0.396795,
201110,"LTU",0.117234,0.508367,0.405418,
201111,"LTU",0.080504,0.524474,0.505417,
201112,"LTU",0.085501,0.547848,0.629661,
201201,"LTU",0.069090,0.473129,0.649768,
201202,"LTU",0.057021,0.532523,0.702798,
201203,"LTU",0.051422,0.469682,0.560850,
201204,"LTU",0.046483,0.504076,0.391561,
201205,"LTU",0.057842,0.577337,0.311190,
201206,"LTU",0.057104,0.592118,0.341887,
201207,"LTU",0.107406,0.524134,0.357373,
201208,"LTU",0.095847,0.644874,0.412102,
201209,"LTU",0.111816,0.692564,0.384760,
201210,"LTU",0.119474,0.648059,0.434343,
201211,"LTU",0.080430,0.499448,0.487326,
201212,"LTU",0.096484,0.570391,0.639521,
201301,"LTU",0.066562,0.465430,0.666908,
201302,"LTU",0.054152,0.414371,0.610756,
201303,"LTU",0.074717,0.532459,0.623030,
201304,"LTU",0.067033,0.517489,0.408861,
201305,"LTU",0.066621,0.561978,0.298502,
201306,"LTU",0.081228,0.631211,0.284842,
201307,"LTU",0.106021,0.623964,0.240470,
201308,"LTU",0.132315,0.647417,0.276316,
201309,"LTU",0.103317,0.564364,0.274620,
201310,"LTU",0.140124,0.608410,0.329214,
201311,"LTU",0.112138,0.466288,0.327472,
201312,"LTU",0.087277,0.484898,0.399118,
201401,"LTU",0.093668,0.525265,0.598731,
201402,"LTU",0.065728,0.458109,0.461520,
201403,"LTU",0.054959,0.511841,0.432335,
201404,"LTU",0.081800,0.591244,0.325969,
201405,"LTU",0.040430,0.542243,0.277926,
201406,"LTU",0.064435,0.549340,0.295078,
201407,"LTU",0.072625,0.603279,0.229838,
201408,"LTU",0.082908,0.632405,0.223014,
201409,"LTU",0.096018,0.646920,0.252199,
201410,"LTU",0.111311,0.602457,0.367095,
201411,"LTU",0.076899,0.534341,0.449394,
201412,"LTU",0.081743,0.571469,0.500618,
201501,"LTU",0.066443,0.464490,0.514203,
201502,"LTU",0.026510,0.490354,0.444521,
201503,"LTU",0.041153,0.622787,0.424573,
201504,"LTU",0.034182,0.564709,0.366290,
201505,"LTU",0.043477,0.608243,0.346801,
201506,"LTU",0.050449,0.653759,0.321934,
201507,"LTU",0.071509,0.644657,0.230833,
201508,"LTU",0.066161,0.661431,0.244898,
201509,"LTU",0.075456,0.623588,0.317292,
201510,"LTU",0.105418,0.598538,0.394282,
201511,"LTU",0.083906,0.519165,0.384492,
201512,"LTU",0.071226,0.635209,0.429399,
201601,"LTU",0.044390,0.546129,0.509375,
201602,"LTU",0.027525,0.484877,0.357047,
201603,"LTU",0.043551,0.541860,0.399007,
201604,"LTU",0.053081,0.591261,0.304102,
201605,"LTU",0.051774,0.821892,0.287623,
201606,"LTU",0.054054,0.711131,0.227061,
201607,"LTU",0.036301,0.665916,0.172546,
201608,"LTU",0.090355,0.813458,0.180809,
201609,"LTU",0.093441,0.669582,0.214921,
201610,"LTU",0.081378,0.715477,0.377681,
201611,"LTU",0.106113,0.472455,0.464046,
201612,"LTU",0.066845,0.587158,0.460492,
201701,"LTU",0.048501,0.534083,0.476627,
201702,"LTU",0.033903,0.511097,0.419461,
201703,"LTU",0.057810,0.580918,0.381410,
201704,"LTU",0.064231,0.580841,0.380461,
201705,"LTU",0.063214,0.651835,0.256638,
201706,"LTU",0.085209,0.663615,0.209956,
201707,"LTU",0.046699,0.681650,0.214882,
201708,"LTU",0.064231,0.743766,0.227174,
201709,"LTU",0.076069,0.740267,0.284295,
201710,"LTU",0.103847,0.701479,0.358544,
201711,"LTU",0.088366,0.643404,0.385568,
201712,"LTU",0.068958,0.685861,0.433967,
201801,"LTU",0.079095,0.560867,0.415380,
201802,"LTU",0.058413,0.615108,0.398383,
201803,"LTU",0.076505,0.634819,0.414088,
201804,"LTU",0.043842,0.711853,0.291070,
201805,"LTU",0.055584,0.726947,0.246578,
201806,"LTU",0.080839,0.669554,0.190089,
201807,"LTU",0.071942,0.704586,0.114228,
201808,"LTU",0.081134,0.750640,0.147847,
201809,"LTU",0.091463,0.688551,0.431210,
201810,"LTU",0.109700,0.662361,0.304984,
201811,"LTU",0.065576,0.630696,0.360890,
201812,"LTU",0.044795,0.646336,0.415671,
201901,"LTU",0.080357,0.613604,0.491939,
201902,"LTU",0.075564,0.556081,0.371650,
201903,"LTU",0.066970,0.624903,0.375424,
201904,"LTU",0.050944,0.681821,0.349947,
201905,"LTU",0.070794,0.632044,0.228175,
201906,"LTU",0.060674,0.757718,0.287758,
201907,"LTU",0.031544,0.715621,0.200451,
201908,"LTU",0.063517,0.760500,0.175468,
201909,"LTU",0.096543,0.700390,0.252440,
201910,"LTU",0.083146,0.708068,0.344285,
201911,"LTU",0.065370,0.658472,0.386164,
201912,"LTU",0.055422,0.700300,0.413574,
202001,"LTU",0.067754,0.553467,0.435361,
202002,"LTU",0.038544,0.597277,0.390963,
202003,"LTU",0.060384,0.615519,0.294897,
202004,"LTU",0.052961,0.583832,0.369902,
202005,"LTU",0.038891,0.639100,0.401033,
202006,"LTU",0.022896,0.710240,0.296561,
202007,"LTU",0.027061,0.705730,0.309127,
202008,"LTU",0.064264,0.789320,0.256628,
202009,"LTU",0.061976,0.792682,0.240909,
202010,"LTU",0.071540,0.676482,0.326904,
202011,"LTU",0.071703,0.625950,0.376907,
202012,"LTU",0.043624,0.587617,0.435099,
202101,"LTU",0.061609,0.517257,0.550064,
202102,"LTU",0.026929,0.513926,0.467357,
202103,"LTU",0.056562,0.603613,0.387894,
202104,"LTU",0.047014,0.639452,0.370339,
202105,"LTU",0.022750,0.638971,0.350651,
202106,"LTU",0.062279,0.780036,0.260255,
202107,"LTU",0.077318,0.784605,0.239900,
202108,"LTU",0.077290,0.792387,0.185903,
202109,"LTU",0.085775,0.751311,0.201147,
202110,"LTU",0.058465,0.731373,0.277143,
202111,"LTU",0.072758,0.632356,0.271632,
202112,"LTU",0.090654,0.703220,0.398738,
202201,"LTU",0.082319,0.558398,0.330016,
202202,"LTU",0.055567,0.558716,0.262588,
202203,"LTU",0.076166,0.698281,0.330363,
202204,"LTU",0.052979,0.631428,0.254116,
202205,"LTU",0.041034,0.707665,0.236346,
202206,"LTU",0.041871,0.703495,0.244210,
202207,"LTU",0.055451,0.676727,0.160142,
202208,"LTU",0.090632,0.793130,0.110353,
202209,"LTU",0.070736,0.803424,0.154407,
202210,"LTU",0.046344,0.697782,0.156536,
202211,"LTU",0.068253,0.741346,0.189989,
202212,"LTU",0.052208,0.780766,0.365294,
202301,"LTU",0.050003,0.679390,0.217789,
202302,"LTU",0.029453,0.613926,0.169671,
202303,"LTU",0.008577,0.687591,0.276246,
202304,"LTU",0.018068,0.698183,0.214475,
202305,"LTU",0.049956,0.736735,0.186241,
202306,"LTU",0.047237,0.785404,0.177006,
202307,"LTU",0.044353,0.710468,0.170997,
202308,"LTU",0.046990,0.832518,0.192692,
202309,"LTU",0.046407,0.734539,0.216640,
202310,"LTU",0.047660,0.695534,0.299929,
202311,"LTU",0.047975,0.666364,0.272225,
202312,"LTU",0.028720,0.701588,0.351626,
202401,"LTU",0.043247,0.592645,0.369695,
202402,"LTU",0.029478,0.546860,0.287738,
202403,"LTU",0.046542,0.651087,0.267138,
202404,"LTU",0.006823,0.690019,0.335257,
202405,"LTU",0.031555,0.763624,0.162134,
202406,"LTU",0.023503,0.755709,0.153591,
202407,"LTU",0.030816,0.817473,0.163557,
202408,"LTU",0.040579,0.826176,0.158263,
202409,"LTU",0.035286,0.762660,0.162223,
202410,"LTU",0.034535,0.738518,0.261977,
202411,"LTU",0.036526,0.699904,0.346514,
202412,"LTU",0.036754,0.785351,0.331386,
202501,"LTU",0.042938,0.445451,0.359605,
202502,"LTU",0.035181,0.513783,0.366277,
202503,"LTU",0.007658,0.597027,0.277842,
202504,"LTU",0.004192,0.636854,0.270185,
202505,"LTU",0.010650,0.677156,0.233961,
202506,"LTU",0.017834,0.688246,0.147362,
202507,"LTU",0.028749,0.674133,0.079300,
202508,"LTU",0.062501,0.792270,0.148839,
202509,"LTU",0.023549,0.742421,0.212154,
202510,"LTU",0.029551,0.704381,0.243453,
202511,"LTU",0.011899,0.621636,0.279275,
202512,"LTU",0.021967,0.656504,0.324590,
202601,"LTU",0.023990,0.608843,0.487176,
202602,"LTU",0.014125,0.514226,0.407965,
202603,"LTU",0.029662,0.595193,0.234364,
202604,"LTU",0.016856,0.606980,0.228722,
202605,"LTU",0.011310,0.598945,0.081942,
202606,"LTU",0.019800,0.664687,0.176646,
202607,"LTU",,,0.175795,
202608,"LTU",,,,
202609,"LTU",,,,
202610,"LTU",,,,
202611,"LTU",,,,
202612,"LTU",,,,
200801,"LUX",0.016465,0.604881,0.311549,
200802,"LUX",0.032930,0.619502,0.287787,
200803,"LUX",0.019758,0.610768,0.298295,
200804,"LUX",0.019758,0.648793,0.229966,
200805,"LUX",0.009879,0.613810,0.126204,
200806,"LUX",0.072445,0.590589,0.112527,
200807,"LUX",0.029637,0.709314,0.128791,
200808,"LUX",0.023051,0.607341,0.185662,
200809,"LUX",0.039516,0.720785,0.219141,
200810,"LUX",0.062566,0.720785,0.249715,
200811,"LUX",0.016465,0.709108,0.258903,
200812,"LUX",0.013172,0.607341,0.185662,
200901,"LUX",0.037707,0.612869,0.325153,
200902,"LUX",0.013711,0.568518,0.262681,
200903,"LUX",0.020567,0.645651,0.253690,
200904,"LUX",0.027423,0.616290,0.196561,
200905,"LUX",0.023995,0.453008,0.185310,
200906,"LUX",0.023995,0.619196,0.147241,
200907,"LUX",0.027423,0.633951,0.178580,
200908,"LUX",0.020567,0.491868,0.161010,
200909,"LUX",0.037707,0.621790,0.194609,
200910,"LUX",0.023995,0.681019,0.241001,
200911,"LUX",0.047990,0.636448,0.243364,
200912,"LUX",0.034279,0.612921,0.269565,
201001,"LUX",0.016829,0.573821,0.326828,
201002,"LUX",0.013464,0.596234,0.284999,
201003,"LUX",0.070684,0.687005,0.278011,
201004,"LUX",0.074050,0.684157,0.227255,
201005,"LUX",0.030293,0.644417,0.192414,
201006,"LUX",0.033659,0.650222,0.181906,
201007,"LUX",0.020195,0.661514,0.174509,
201008,"LUX",0.013464,0.579619,0.157624,
201009,"LUX",,0.627503,0.192873,
201010,"LUX",0.020195,0.672893,0.243833,
201011,"LUX",0.020195,0.661502,0.255005,
201012,"LUX",0.013464,0.540530,0.326828,
201101,"LUX",0.015308,0.630846,0.308577,
201102,"LUX",0.040872,0.633762,0.276452,
201103,"LUX",0.039150,0.705969,0.267010,
201104,"LUX",0.015308,0.643352,0.202862,
201105,"LUX",0.015308,0.671594,0.188390,
201106,"LUX",0.011902,0.633900,0.179974,
201107,"LUX",0.015308,0.655894,0.172738,
201108,"LUX",0.051090,0.646488,0.095811,
201109,"LUX",0.045962,0.637035,0.106383,
201110,"LUX",0.022120,0.680932,0.155649,
201111,"LUX",0.028932,0.643191,0.248945,
201112,"LUX",0.013624,0.665093,0.261467,
201201,"LUX",0.013366,0.618804,0.276170,
201202,"LUX",0.003341,0.665655,0.314648,
201203,"LUX",0.021707,0.631298,0.238153,
201204,"LUX",0.028390,0.606375,0.228970,
201205,"LUX",0.065145,0.712679,0.188850,
201206,"LUX",0.055121,0.647001,0.164378,
201207,"LUX",0.018365,0.678322,0.164378,
201208,"LUX",0.011682,0.606461,0.126721,
201209,"LUX",0.008341,0.612708,0.126772,
201210,"LUX",0.021707,0.628282,0.205114,
201211,"LUX",0.021707,0.634486,0.236409,
201212,"LUX",0.016707,0.578156,0.229483,
201301,"LUX",0.047556,0.613006,0.264715,
201302,"LUX",0.025607,0.555451,0.255978,
201303,"LUX",0.021949,0.671174,0.264051,
201304,"LUX",0.051214,0.693094,0.163397,
201305,"LUX",0.014633,0.621741,0.131872,
201306,"LUX",0.018291,0.620729,0.089925,
201307,"LUX",0.010974,0.652589,0.085428,
201308,"LUX",0.014633,0.574483,0.075567,
201309,"LUX",0.021949,0.624168,0.102851,
201310,"LUX",0.012788,0.671066,0.192929,
201311,"LUX",0.018291,0.620445,0.248468,
201312,"LUX",0.018291,0.586048,0.240037,
201401,"LUX",0.028443,0.566703,0.228970,
201402,"LUX",0.071109,0.573008,0.202580,
201403,"LUX",0.021333,0.648649,0.221452,
201404,"LUX",0.031999,0.614383,0.182531,
201405,"LUX",0.007111,0.601668,0.114050,
201406,"LUX",0.014222,0.564156,0.087097,
201407,"LUX",0.010666,0.592238,0.087200,
201408,"LUX",0.014222,0.517424,0.079528,
201409,"LUX",0.010666,0.636107,0.128268,
201410,"LUX",0.014222,0.645380,0.187594,
201411,"LUX",0.014222,0.554462,0.229123,
201412,"LUX",0.039110,0.573324,0.257661,
201501,"LUX",0.030349,0.544695,0.278666,
201502,"LUX",0.056904,0.647821,0.263475,
201503,"LUX",0.030349,0.625269,0.234370,
201504,"LUX",0.018968,0.599496,0.136827,
201505,"LUX",0.018968,0.583376,0.114014,
201506,"LUX",0.026555,0.544705,0.085881,
201507,"LUX",0.024643,0.525366,0.078413,
201508,"LUX",0.013262,0.535044,0.073707,
201509,"LUX",0.013262,0.589831,0.114423,
201510,"LUX",0.013262,0.502814,0.139845,
201511,"LUX",0.020849,0.554364,0.153502,
201512,"LUX",0.020849,0.560807,0.156520,
201601,"LUX",0.014537,0.530208,0.203565,
201602,"LUX",0.025440,0.552994,0.187149,
201603,"LUX",0.047246,0.614778,0.188271,
201604,"LUX",0.007269,0.543222,0.146518,
201605,"LUX",0.019974,0.605030,0.110373,
201606,"LUX",0.016340,0.549726,0.091867,
201607,"LUX",0.010903,0.543224,0.084220,
201608,"LUX",0.049049,0.539995,0.071781,
201609,"LUX",0.050881,0.543243,0.087126,
201610,"LUX",0.016340,0.546475,0.138718,
201611,"LUX",0.012706,0.536713,0.174863,
201612,"LUX",0.023609,0.569243,0.197295,
201701,"LUX",0.017392,0.608665,0.240950,
201702,"LUX",0.040570,0.553938,0.176769,
201703,"LUX",0.017689,0.602224,0.160890,
201704,"LUX",0.017537,0.486308,0.134324,
201705,"LUX",0.023686,0.599004,0.101591,
201706,"LUX",0.023700,0.557138,0.084428,
201707,"LUX",0.019853,0.621567,0.084633,
201708,"LUX",0.020597,0.528174,0.074716,
201709,"LUX",0.023899,0.586142,0.104674,
201710,"LUX",0.001197,0.589362,0.126153,
201711,"LUX",0.015484,0.589363,0.172863,
201712,"LUX",0.060968,0.544276,0.194908,
201801,"LUX",0.014635,0.550034,0.191223,
201802,"LUX",0.020585,0.585444,0.208423,
201803,"LUX",0.023547,0.643338,0.194663,
201804,"LUX",0.018997,0.633682,0.115948,
201805,"LUX",0.020652,0.611130,0.095611,
201806,"LUX",0.016581,0.591835,0.082509,
201807,"LUX",0.017828,0.604696,0.079322,
201808,"LUX",0.024935,0.511386,0.070064,
201809,"LUX",0.018934,0.585384,0.091362,
201810,"LUX",0.020958,0.672275,0.127684,
201811,"LUX",0.046477,0.640133,0.169318,
201812,"LUX",0.023066,0.607919,0.182775,
201901,"LUX",0.021303,0.646929,0.219521,
201902,"LUX",0.067263,0.595710,0.175000,
201903,"LUX",0.003867,0.650203,0.168279,
201904,"LUX",0.002009,0.627774,0.131086,
201905,"LUX",0.003694,0.640538,0.117998,
201906,"LUX",0.034953,0.602179,0.085049,
201907,"LUX",0.030658,0.640567,0.081461,
201908,"LUX",0.032823,0.554100,0.069636,
201909,"LUX",0.022745,0.608533,0.090103,
201910,"LUX",0.014171,0.646963,0.124971,
201911,"LUX",0.023300,0.598922,0.170654,
201912,"LUX",0.017620,0.586114,0.174293,
202001,"LUX",0.018584,0.601156,0.198819,
202002,"LUX",0.013403,0.550997,0.173553,
202003,"LUX",0.023265,0.522348,0.157028,
202004,"LUX",0.011002,0.299167,0.099564,
202005,"LUX",0.013235,0.392432,0.093602,
202006,"LUX",0.017426,0.488930,0.076279,
202007,"LUX",0.027500,0.553906,0.071815,
202008,"LUX",0.013229,0.454871,0.062275,
202009,"LUX",0.025200,0.533488,0.081046,
202010,"LUX",0.015002,0.533265,0.128599,
202011,"LUX",0.033714,0.475652,0.155591,
202012,"LUX",0.024366,0.499956,0.171191,
202101,"LUX",0.028611,0.445209,0.208955,
202102,"LUX",0.006061,0.463588,0.171172,
202103,"LUX",0.027941,0.539564,0.171286,
202104,"LUX",0.016339,0.490318,0.143137,
202105,"LUX",0.028106,0.501073,0.120471,
202106,"LUX",0.022556,0.478788,0.075418,
202107,"LUX",0.027527,0.581839,0.075799,
202108,"LUX",0.001316,0.522067,0.068465,
202109,"LUX",0.012661,0.551276,0.081784,
202110,"LUX",0.027744,0.568235,0.128288,
202111,"LUX",0.030034,0.537364,0.169936,
202112,"LUX",0.012997,0.511004,0.173933,
202201,"LUX",0.026233,0.439841,0.199887,
202202,"LUX",0.019454,0.489642,0.158272,
202203,"LUX",0.007387,0.584403,0.145440,
202204,"LUX",0.024353,0.479184,0.114916,
202205,"LUX",0.024729,0.486339,0.071782,
202206,"LUX",0.015691,0.413935,0.056318,
202207,"LUX",0.023657,0.441701,0.051347,
202208,"LUX",0.024668,0.417006,0.043574,
202209,"LUX",0.028552,0.417648,0.066149,
202210,"LUX",0.008656,0.387456,0.081901,
202211,"LUX",0.008575,0.404385,0.112090,
202212,"LUX",0.024665,0.439111,0.148249,
202301,"LUX",0.022524,0.391623,0.152819,
202302,"LUX",0.002222,0.429868,0.138445,
202303,"LUX",0.022815,0.480126,0.134541,
202304,"LUX",0.005018,0.431560,0.105774,
202305,"LUX",0.016363,0.458197,0.070952,
202306,"LUX",0.022399,0.439789,0.050440,
202307,"LUX",0.002659,0.448490,0.052425,
202308,"LUX",0.023447,0.407748,0.046425,
202309,"LUX",0.016154,0.425917,0.054645,
202310,"LUX",0.017241,0.460236,0.085140,
202311,"LUX",0.005621,0.428346,0.132213,
202312,"LUX",0.018358,0.424100,0.144736,
202401,"LUX",0.001909,0.375946,0.174309,
202402,"LUX",0.003106,0.425051,0.131223,
202403,"LUX",0.011862,0.431573,0.121570,
202404,"LUX",0.022799,0.439020,0.105361,
202405,"LUX",0.027788,0.419805,0.077781,
202406,"LUX",0.005054,0.397015,0.066434,
202407,"LUX",0.010524,0.433936,0.058617,
202408,"LUX",0.026652,0.392124,0.040845,
202409,"LUX",0.020316,0.403417,0.066783,
202410,"LUX",0.001824,0.444767,0.093190,
202411,"LUX",0.001681,0.397987,0.134583,
202412,"LUX",0.021312,0.407010,0.155039,
202501,"LUX",0.019122,0.422260,0.173328,
202502,"LUX",0.013388,0.350177,0.153160,
202503,"LUX",0.003630,0.412664,0.126129,
202504,"LUX",0.026503,0.407556,0.094974,
202505,"LUX",0.022279,0.394857,0.075734,
202506,"LUX",0.022269,0.391530,0.059680,
202507,"LUX",0.002128,0.394829,0.058685,
202508,"LUX",0.002027,0.346165,0.048237,
202509,"LUX",0.021624,0.383688,0.071802,
202510,"LUX",0.021734,0.411399,0.101509,
202511,"LUX",0.021032,0.370891,0.131712,
202512,"LUX",0.019623,0.394322,0.140773,
202601,"LUX",0.002018,0.370186,0.173563,
202602,"LUX",0.009863,0.356051,0.135189,
202603,"LUX",0.023409,0.436276,0.124131,
202604,"LUX",0.026679,0.402883,0.094683,
202605,"LUX",0.019887,0.369001,0.078888,
202606,"LUX",0.021423,0.373796,0.060327,
202607,"LUX",,,0.054702,
202608,"LUX",,,0.046721,
202609,"LUX",,,,
202610,"LUX",,,,
202611,"LUX",,,,
202612,"LUX",,,,
200801,"LVA",0.039046,0.373502,0.447537,
200802,"LVA",0.042999,0.337502,0.368446,
200803,"LVA",0.039046,0.333954,0.356259,
200804,"LVA",0.027348,0.366873,0.227176,
200805,"LVA",0.034237,0.376846,0.154850,
200806,"LVA",0.023476,0.383401,0.135450,
200807,"LVA",0.033909,0.390688,0.139827,
200808,"LVA",0.034317,0.391417,0.129730,
200809,"LVA",0.027348,0.412910,0.188725,
200810,"LVA",0.036926,0.391013,0.251500,
200811,"LVA",0.042999,0.323251,0.323777,
200812,"LVA",0.058649,0.388325,0.361582,
200901,"LVA",0.028875,0.343382,0.394814,
200902,"LVA",0.028050,0.312967,0.383513,
200903,"LVA",0.018818,0.319732,0.329285,
200904,"LVA",0.033748,0.327934,0.160156,
200905,"LVA",0.021332,0.335185,0.114751,
200906,"LVA",0.025536,0.357612,0.132249,
200907,"LVA",0.030171,0.354343,0.106820,
200908,"LVA",0.040621,0.373334,0.110241,
200909,"LVA",0.040228,0.374019,0.118320,
200910,"LVA",0.023021,0.327335,0.251164,
200911,"LVA",0.027657,0.308695,0.297412,
200912,"LVA",0.044354,0.335877,0.428273,
201001,"LVA",0.034224,0.317261,0.596218,
201002,"LVA",0.031201,0.342838,0.444058,
201003,"LVA",0.034304,0.345988,0.395067,
201004,"LVA",0.047746,0.334329,0.191273,
201005,"LVA",0.004526,0.337491,0.122975,
201006,"LVA",0.020909,0.346447,0.116290,
201007,"LVA",0.026544,0.396152,0.101523,
201008,"LVA",0.040470,0.387112,0.163584,
201009,"LVA",0.043164,0.374803,0.149217,
201010,"LVA",0.055990,0.358299,0.276083,
201011,"LVA",0.060112,0.362478,0.328067,
201012,"LVA",0.056151,0.346731,0.508614,
201101,"LVA",0.013929,0.269935,0.443238,
201102,"LVA",0.032172,0.256475,0.480220,
201103,"LVA",0.041788,0.291320,0.394143,
201104,"LVA",0.026863,0.295339,0.183123,
201105,"LVA",0.034823,0.323660,0.134128,
201106,"LVA",0.034823,0.320332,0.114818,
201107,"LVA",0.025537,0.309719,0.130852,
201108,"LVA",0.045235,0.387762,0.142964,
201109,"LVA",0.033498,0.345249,0.117796,
201110,"LVA",0.044110,0.381264,0.210624,
201111,"LVA",0.051237,0.309559,0.292431,
201112,"LVA",0.058402,0.322083,0.330951,
201201,"LVA",0.037871,0.274494,0.397729,
201202,"LVA",0.028336,0.271034,0.468692,
201203,"LVA",0.031613,0.281629,0.315864,
201204,"LVA",0.022945,0.281237,0.179588,
201205,"LVA",0.025355,0.305801,0.107881,
201206,"LVA",0.030421,0.309957,0.110260,
201207,"LVA",0.031613,0.329340,0.119329,
201208,"LVA",0.033699,0.400055,0.135781,
201209,"LVA",0.033699,0.330603,0.115414,
201210,"LVA",0.051281,0.319928,0.204861,
201211,"LVA",0.033375,0.323379,0.229737,
201212,"LVA",0.039957,0.302116,0.407343,
201301,"LVA",0.033276,0.277285,0.392880,
201302,"LVA",0.022371,0.253543,0.359801,
201303,"LVA",0.033871,0.308209,0.367031,
201304,"LVA",0.020702,0.276510,0.183789,
201305,"LVA",0.016101,0.354588,0.090563,
201306,"LVA",0.020702,0.319963,0.077631,
201307,"LVA",0.019628,0.344940,0.106502,
201308,"LVA",0.020702,0.391637,0.103136,
201309,"LVA",0.027602,0.327561,0.124101,
201310,"LVA",0.032202,0.331573,0.223056,
201311,"LVA",0.035576,0.303474,0.316818,
201312,"LVA",0.018401,0.282097,0.383380,
201401,"LVA",0.015921,0.286388,0.387522,
201402,"LVA",0.034498,0.266329,0.287356,
201403,"LVA",0.013457,0.286769,0.227636,
201404,"LVA",0.015921,0.320939,0.166213,
201405,"LVA",0.012321,0.327493,0.113502,
201406,"LVA",0.014785,0.323750,0.102551,
201407,"LVA",0.017249,0.371580,0.106883,
201408,"LVA",0.017249,0.377683,0.130878,
201409,"LVA",0.019713,0.364489,0.113161,
201410,"LVA",0.029570,0.341379,0.224229,
201411,"LVA",0.022177,0.306983,0.270321,
201412,"LVA",0.029570,0.316745,0.318117,
201501,"LVA",0.014950,0.298929,0.301425,
201502,"LVA",0.008216,0.291617,0.256425,
201503,"LVA",0.013694,0.331383,0.229218,
201504,"LVA",0.016433,0.324370,0.178286,
201505,"LVA",0.010955,0.327577,0.105884,
201506,"LVA",0.010955,0.331233,0.111913,
201507,"LVA",0.016433,0.374588,0.133678,
201508,"LVA",0.021910,0.417943,0.184904,
201509,"LVA",0.016433,0.374887,0.152894,
201510,"LVA",0.024649,0.371381,0.264317,
201511,"LVA",0.016433,0.301769,0.294562,
201512,"LVA",0.019171,0.320782,0.292454,
201601,"LVA",0.015659,0.294235,0.457701,
201602,"LVA",0.010439,0.280764,0.246591,
201603,"LVA",0.018268,0.297851,0.260665,
201604,"LVA",0.010439,0.332454,0.171447,
201605,"LVA",0.010439,0.345925,0.109049,
201606,"LVA",0.014286,0.338976,0.121696,
201607,"LVA",0.005220,0.359475,0.110821,
201608,"LVA",0.010439,0.427778,0.104374,
201609,"LVA",0.023488,0.387556,0.107622,
201610,"LVA",0.026098,0.352953,0.263224,
201611,"LVA",0.010439,0.325790,0.347078,
201612,"LVA",0.010439,0.315224,0.306922,
201701,"LVA",0.009263,0.294017,0.367148,
201702,"LVA",0.014520,0.284307,0.326684,
201703,"LVA",0.009340,0.324352,0.237213,
201704,"LVA",0.008313,0.330240,0.193006,
201705,"LVA",0.009695,0.370682,0.111167,
201706,"LVA",0.007385,0.370483,0.095759,
201707,"LVA",0.015143,0.373222,0.093551,
201708,"LVA",0.015668,0.442532,0.093791,
201709,"LVA",0.017201,0.396264,0.105023,
201710,"LVA",0.019404,0.379658,0.195742,
201711,"LVA",0.019249,0.343970,0.229917,
201712,"LVA",0.022072,0.367272,0.250365,
201801,"LVA",0.021576,0.325673,0.330834,
201802,"LVA",0.009408,0.308983,0.410833,
201803,"LVA",0.018181,0.335770,0.377395,
201804,"LVA",0.013757,0.345929,0.146584,
201805,"LVA",0.013643,0.392572,0.085685,
201806,"LVA",0.015276,0.379447,0.105126,
201807,"LVA",0.010195,0.402193,0.134628,
201808,"LVA",0.014038,0.429118,0.163886,
201809,"LVA",0.015519,0.369150,0.152708,
201810,"LVA",0.014998,0.369288,0.197519,
201811,"LVA",0.030952,0.349233,0.270762,
201812,"LVA",0.019496,0.339136,0.327772,
201901,"LVA",0.015489,0.338320,0.390597,
201902,"LVA",0.010865,0.314312,0.266080,
201903,"LVA",0.011087,0.338667,0.248734,
201904,"LVA",0.013765,0.362880,0.135764,
201905,"LVA",0.016101,0.379262,0.130865,
201906,"LVA",0.005287,0.365773,0.131065,
201907,"LVA",0.012505,0.399875,0.140063,
201908,"LVA",0.015335,0.430455,0.197748,
201909,"LVA",0.014592,0.345097,0.214743,
201910,"LVA",0.018117,0.351873,0.211894,
201911,"LVA",0.019094,0.324831,0.236387,
201912,"LVA",0.013971,0.352220,0.244435,
202001,"LVA",0.008066,0.278663,0.229741,
202002,"LVA",0.004513,0.278672,0.227996,
202003,"LVA",0.003446,0.360785,0.206029,
202004,"LVA",0.011745,0.332988,0.153464,
202005,"LVA",0.010098,0.360639,0.132532,
202006,"LVA",0.010185,0.345282,0.137401,
202007,"LVA",0.009181,0.411360,0.086121,
202008,"LVA",0.007449,0.435601,0.151598,
202009,"LVA",0.004650,0.382347,0.123582,
202010,"LVA",0.009324,0.345441,0.148764,
202011,"LVA",0.011078,0.320663,0.222953,
202012,"LVA",0.010165,0.321840,0.282843,
202101,"LVA",0.003843,0.275897,0.341040,
202102,"LVA",0.009917,0.285586,0.331272,
202103,"LVA",0.007357,0.361887,0.251308,
202104,"LVA",0.006372,0.357345,0.148888,
202105,"LVA",0.006460,0.352089,0.089447,
202106,"LVA",0.007030,0.368321,0.080967,
202107,"LVA",0.006680,0.417150,0.104243,
202108,"LVA",0.009257,0.428995,0.060534,
202109,"LVA",0.005338,0.379806,0.125885,
202110,"LVA",0.001458,0.355190,0.141898,
202111,"LVA",0.006438,0.322503,0.208123,
202112,"LVA",0.008316,0.382411,0.347936,
202201,"LVA",0.005193,0.280728,0.268595,
202202,"LVA",0.004081,0.292353,0.192386,
202203,"LVA",0.004189,0.387963,0.182510,
202204,"LVA",0.005248,0.311061,0.118133,
202205,"LVA",0.000628,0.345051,0.076223,
202206,"LVA",0.011035,0.350854,0.035317,
202207,"LVA",0.010749,0.361167,0.033422,
202208,"LVA",0.002043,0.443608,0.076460,
202209,"LVA",0.001257,0.406928,0.068205,
202210,"LVA",0.007367,0.418331,0.049039,
202211,"LVA",0.003267,0.358439,0.198566,
202212,"LVA",0.003188,0.376482,0.294098,
202301,"LVA",0.003222,0.348607,0.202568,
202302,"LVA",0.004652,0.325739,0.221473,
202303,"LVA",0.002277,0.361276,0.186170,
202304,"LVA",0.003331,0.348972,0.073461,
202305,"LVA",0.004331,0.386732,0.044177,
202306,"LVA",0.004313,0.368623,0.063074,
202307,"LVA",0.004835,0.371406,0.036453,
202308,"LVA",0.004671,0.439413,0.074807,
202309,"LVA",0.004772,0.387044,0.093656,
202310,"LVA",0.006612,0.352855,0.128383,
202311,"LVA",0.008612,0.349607,0.184107,
202312,"LVA",0.008565,0.347913,0.228684,
202401,"LVA",0.002425,0.323384,0.356061,
202402,"LVA",0.006421,0.298402,0.243218,
202403,"LVA",0.003076,0.333677,0.170117,
202404,"LVA",0.009455,0.318749,0.089903,
202405,"LVA",0.007302,0.359215,0.040295,
202406,"LVA",0.002605,0.344975,0.029941,
202407,"LVA",0.005190,0.370564,0.065813,
202408,"LVA",0.000348,0.409148,0.082324,
202409,"LVA",0.006458,0.358959,0.093275,
202410,"LVA",0.004946,0.335722,0.103583,
202411,"LVA",0.003444,0.317127,0.172274,
202412,"LVA",0.002691,0.321824,0.192767,
202501,"LVA",0.000241,0.290674,0.217827,
202502,"LVA",0.005919,0.292432,0.308380,
202503,"LVA",0.005302,0.341593,0.170488,
202504,"LVA",0.004927,0.341796,0.099906,
202505,"LVA",0.004259,0.343087,0.060174,
202506,"LVA",0.004634,0.346657,0.035889,
202507,"LVA",0.004529,0.369550,0.061522,
202508,"LVA",0.005447,0.375047,0.065395,
202509,"LVA",0.003335,0.345515,0.074104,
202510,"LVA",0.004233,0.361547,0.141208,
202511,"LVA",0.005306,0.334299,0.193766,
202512,"LVA",0.009296,0.338137,0.187126,
202601,"LVA",0.002525,0.335327,0.454667,
202602,"LVA",0.005150,0.322858,0.396578,
202603,"LVA",0.005128,0.355907,0.124416,
202604,"LVA",0.006519,0.326279,0.086992,
202605,"LVA",0.006711,0.278890,0.049409,
202606,"LVA",0.005825,0.347595,0.032261,
202607,"LVA",0.009413,,0.030803,
202608,"LVA",,,0.031737,
202609,"LVA",,,,
202610,"LVA",,,,
202611,"LVA",,,,
202612,"LVA",,,,
200801,"MKD",,,,
200802,"MKD",,,,
200803,"MKD",,,,
200804,"MKD",,,,
200805,"MKD",,,,
200806,"MKD",,,,
200807,"MKD",,,,
200808,"MKD",,,,
200809,"MKD",,,,
200810,"MKD",,,,
200811,"MKD",,,,
200812,"MKD",,,,
200901,"MKD",,,,
200902,"MKD",,,,
200903,"MKD",,,,
200904,"MKD",,,,
200905,"MKD",,,,
200906,"MKD",,,,
200907,"MKD",,,,
200908,"MKD",,,,
200909,"MKD",,,,
200910,"MKD",,,,
200911,"MKD",,,,
200912,"MKD",,,,
201001,"MKD",,,,
201002,"MKD",,,,
201003,"MKD",,,,
201004,"MKD",,,,
201005,"MKD",,,,
201006,"MKD",,,,
201007,"MKD",,,,
201008,"MKD",,,,
201009,"MKD",,,,
201010,"MKD",,,,
201011,"MKD",,,,
201012,"MKD",,,,
201101,"MKD",,,,
201102,"MKD",,,,
201103,"MKD",,,,
201104,"MKD",,,,
201105,"MKD",,,,
201106,"MKD",,,,
201107,"MKD",,,,
201108,"MKD",,,,
201109,"MKD",,,,
201110,"MKD",,,,
201111,"MKD",,,,
201112,"MKD",,,,
201201,"MKD",,,,
201202,"MKD",,,,
201203,"MKD",,,,
201204,"MKD",,,,
201205,"MKD",,,,
201206,"MKD",,,,
201207,"MKD",,,,
201208,"MKD",,,,
201209,"MKD",,,,
201210,"MKD",,,,
201211,"MKD",,,,
201212,"MKD",,,,
201301,"MKD",,,0.060689,
201302,"MKD",,,0.063567,
201303,"MKD",,,0.023023,
201304,"MKD",,,0.011562,
201305,"MKD",,,0.004443,
201306,"MKD",,,0.004645,
201307,"MKD",,,0.004191,
201308,"MKD",,,0.004948,
201309,"MKD",,,0.004696,
201310,"MKD",,,0.008028,
201311,"MKD",,,0.040796,
201312,"MKD",,,0.070282,
201401,"MKD",0.471896,0.178261,0.054277,
201402,"MKD",0.439965,0.184386,0.028072,
201403,"MKD",0.540511,0.221459,0.023377,
201404,"MKD",0.522033,0.237260,0.013582,
201405,"MKD",0.458715,0.212441,0.006463,
201406,"MKD",0.284520,0.184358,0.005655,
201407,"MKD",0.444446,0.252989,0.006412,
201408,"MKD",0.213592,0.249890,0.005705,
201409,"MKD",0.349334,0.215355,0.006311,
201410,"MKD",0.377596,0.237503,0.013834,
201411,"MKD",0.360477,0.234188,0.044482,
201412,"MKD",0.360886,0.237474,0.048319,
201501,"MKD",0.344873,0.228369,0.057104,
201502,"MKD",0.343891,0.215829,0.038423,
201503,"MKD",0.428426,0.212403,0.027568,
201504,"MKD",0.377277,0.240128,0.015753,
201505,"MKD",0.309180,0.221349,0.005907,
201506,"MKD",0.307364,0.240664,0.005907,
201507,"MKD",0.307531,0.265785,0.004090,
201508,"MKD",0.317075,0.290643,0.003484,
201509,"MKD",0.328249,0.224748,0.003484,
201510,"MKD",0.315092,0.266458,0.018328,
201511,"MKD",0.344039,0.244315,0.029284,
201512,"MKD",0.532540,0.276091,0.053721,
201601,"MKD",0.471251,0.187922,0.064678,
201602,"MKD",0.404877,0.200413,0.025497,
201603,"MKD",0.406128,0.238216,0.023528,
201604,"MKD",0.310289,0.241319,0.009240,
201605,"MKD",0.263292,0.240714,0.006059,
201606,"MKD",0.230340,0.292206,0.008078,
201607,"MKD",0.357849,0.292013,0.025447,
201608,"MKD",0.313902,0.272739,0.016965,
201609,"MKD",0.284312,0.259787,0.038170,
201610,"MKD",0.265513,0.261166,0.043270,
201611,"MKD",0.346886,0.241040,0.057559,
201612,"MKD",0.350248,0.253848,0.089064,
201701,"MKD",0.440230,0.216078,0.103454,
201702,"MKD",0.390348,0.194391,0.065637,
201703,"MKD",0.340313,0.251257,0.025851,
201704,"MKD",0.300734,0.256433,0.015450,
201705,"MKD",0.332163,0.231746,0.007826,
201706,"MKD",0.312814,0.247930,0.007826,
201707,"MKD",0.288871,0.264009,0.038372,
201708,"MKD",0.316446,0.285408,0.042210,
201709,"MKD",0.294027,0.251124,0.024942,
201710,"MKD",0.305647,0.251365,0.045391,
201711,"MKD",0.330819,0.235897,0.069979,
201712,"MKD",0.416828,0.267203,0.072605,
201801,"MKD",0.287295,0.194451,0.075685,
201802,"MKD",0.288158,0.203698,0.081895,
201803,"MKD",0.285774,0.219431,0.050692,
201804,"MKD",0.214665,0.253601,0.011461,
201805,"MKD",0.175536,0.235240,0.007624,
201806,"MKD",0.298944,0.241577,0.007624,
201807,"MKD",0.251566,0.276190,0.007624,
201808,"MKD",0.331165,0.285800,0.007624,
201809,"MKD",0.271906,0.244598,0.042412,
201810,"MKD",0.320489,0.248214,0.047966,
201811,"MKD",0.383859,0.238295,0.057862,
201812,"MKD",0.408181,0.260034,0.065536,
201901,"MKD",0.435093,0.241115,0.082753,
201902,"MKD",0.381604,0.194549,0.051146,
201903,"MKD",0.429957,0.238606,0.022670,
201904,"MKD",0.346856,0.266554,0.014541,
201905,"MKD",0.343076,0.257109,0.007271,
201906,"MKD",0.302713,0.248009,0.051247,
201907,"MKD",0.321273,0.307446,0.070888,
201908,"MKD",0.385613,0.338528,0.059326,
201909,"MKD",0.319066,0.216336,0.068313,
201910,"MKD",0.322012,0.279007,0.039029,
201911,"MKD",0.382412,0.275847,0.040493,
201912,"MKD",0.421806,0.278997,0.059375,
202001,"MKD",0.386494,0.235495,0.078257,
202002,"MKD",0.342562,0.231653,0.049923,
202003,"MKD",0.287567,0.238857,0.029996,
202004,"MKD",0.245388,0.227345,0.024128,
202005,"MKD",0.222174,0.226085,0.006760,
202006,"MKD",0.180273,0.245159,0.035275,
202007,"MKD",0.261784,0.184036,0.068868,
202008,"MKD",0.192912,0.256726,0.070812,
202009,"MKD",0.295582,0.252217,0.071274,
202010,"MKD",0.258259,0.270598,0.043383,
202011,"MKD",0.246404,0.248567,0.086813,
202012,"MKD",0.289333,0.287411,0.089206,
202101,"MKD",0.212786,0.228472,0.091601,
202102,"MKD",0.192266,0.224022,0.081471,
202103,"MKD",0.261000,0.261675,0.088167,
202104,"MKD",0.279783,0.253437,0.022955,
202105,"MKD",0.168502,0.226194,0.019522,
202106,"MKD",0.174842,0.289591,0.033666,
202107,"MKD",0.218599,0.317850,0.067147,
202108,"MKD",0.281741,0.315382,0.071209,
202109,"MKD",0.266680,0.268607,0.071789,
202110,"MKD",0.206162,0.290925,0.088250,
202111,"MKD",0.202433,0.292749,0.092517,
202112,"MKD",0.390110,0.321923,0.097781,
202201,"MKD",0.346056,0.274686,0.072168,
202202,"MKD",0.277665,0.277571,0.076331,
202203,"MKD",0.321960,0.339546,0.086280,
202204,"MKD",0.307185,0.266125,0.014154,
202205,"MKD",0.307446,0.293465,0.007331,
202206,"MKD",0.307359,0.286285,0.006053,
202207,"MKD",0.355349,0.288477,0.024283,
202208,"MKD",0.304147,0.339776,0.044439,
202209,"MKD",0.265310,0.275311,0.071749,
202210,"MKD",0.223770,0.362416,0.010575,
202211,"MKD",0.251737,0.264436,0.061162,
202212,"MKD",0.280793,0.284507,0.064852,
202301,"MKD",0.345459,0.324453,0.064207,
202302,"MKD",0.323837,0.290660,0.072620,
202303,"MKD",0.273349,0.329988,0.066640,
202304,"MKD",0.281890,0.282845,0.069228,
202305,"MKD",0.290803,0.278986,0.008803,
202306,"MKD",0.262972,0.269340,0.045373,
202307,"MKD",0.222731,0.289892,0.055519,
202308,"MKD",0.242882,0.304980,0.058655,
202309,"MKD",0.249096,0.277553,0.053568,
202310,"MKD",0.251886,0.278299,0.061545,
202311,"MKD",0.299926,0.275243,0.067220,
202312,"MKD",0.283996,0.297444,0.059784,
202401,"MKD",0.247255,0.241777,0.088915,
202402,"MKD",0.323877,0.247659,0.075523,
202403,"MKD",0.281028,0.245779,0.045753,
202404,"MKD",0.309730,0.264703,0.024989,
202405,"MKD",0.222556,0.273324,0.009204,
202406,"MKD",0.204922,0.278869,0.038316,
202407,"MKD",0.177817,0.310045,0.060328,
202408,"MKD",0.196516,0.353648,0.067167,
202409,"MKD",0.140791,0.322383,0.062698,
202410,"MKD",0.152262,0.307870,0.036633,
202411,"MKD",0.248869,0.307428,0.082541,
202412,"MKD",0.232645,0.276989,0.077298,
202501,"MKD",0.204056,0.255517,0.085677,
202502,"MKD",0.351093,0.246715,0.076826,
202503,"MKD",0.327226,0.265480,0.040931,
202504,"MKD",0.187436,0.305690,0.013322,
202505,"MKD",0.208771,0.296290,0.007356,
202506,"MKD",0.218903,0.303959,0.016567,
202507,"MKD",0.219208,0.338980,0.051526,
202508,"MKD",0.164013,0.310638,0.040130,
202509,"MKD",0.225346,0.282199,0.038581,
202510,"MKD",0.208616,0.293468,0.064927,
202511,"MKD",0.172156,0.280488,0.077877,
202512,"MKD",0.160606,0.298762,0.093556,
202601,"MKD",0.210962,0.249068,0.095195,
202602,"MKD",0.150483,0.229702,0.065498,
202603,"MKD",0.172814,0.227698,0.032251,
202604,"MKD",0.164583,0.247513,0.016051,
202605,"MKD",0.162435,0.228015,0.008873,
202606,"MKD",0.162152,0.303252,0.008123,
202607,"MKD",,,,
202608,"MKD",,,,
202609,"MKD",,,,
202610,"MKD",,,,
202611,"MKD",,,,
202612,"MKD",,,,
200801,"NLD",2.921999,4.903440,11.466976,
200802,"NLD",2.882545,4.603295,8.632605,
200803,"NLD",3.312011,4.712604,8.566035,
200804,"NLD",3.080988,4.704875,6.760900,
200805,"NLD",3.159865,4.888967,4.677689,
200806,"NLD",2.644913,4.696099,4.291314,
200807,"NLD",2.405367,4.765320,4.314653,
200808,"NLD",2.728568,4.625710,4.356284,
200809,"NLD",2.454409,4.631293,5.310504,
200810,"NLD",2.906758,4.719118,7.951562,
200811,"NLD",3.019107,4.125780,7.821721,
200812,"NLD",2.768896,3.881007,9.548492,
200901,"NLD",3.011703,3.753531,10.990688,
200902,"NLD",2.499164,3.886635,9.070800,
200903,"NLD",2.855271,4.581360,8.132458,
200904,"NLD",2.517789,4.461792,5.307176,
200905,"NLD",2.570377,4.458862,4.736581,
200906,"NLD",2.087181,4.308342,4.700145,
200907,"NLD",2.880573,4.564350,4.757454,
200908,"NLD",2.642330,4.257340,4.792069,
200909,"NLD",2.609421,4.658103,5.437254,
200910,"NLD",2.192593,4.652304,7.398836,
200911,"NLD",2.782172,4.335428,7.737018,
200912,"NLD",2.957546,4.329448,11.015101,
201001,"NLD",3.427348,4.164935,12.708500,
201002,"NLD",2.609880,4.139612,10.704100,
201003,"NLD",2.916916,4.727506,6.820874,
201004,"NLD",2.016322,4.700585,6.779138,
201005,"NLD",2.318449,4.874379,6.444409,
201006,"NLD",2.431713,4.803875,4.835070,
201007,"NLD",2.535605,4.283637,4.684212,
201008,"NLD",2.637102,4.308076,4.724016,
201009,"NLD",2.839740,4.082986,7.193422,
201010,"NLD",3.196298,4.206273,7.512009,
201011,"NLD",2.899541,4.301782,9.181159,
201012,"NLD",3.063308,4.335273,12.585589,
201101,"NLD",2.693238,4.189589,12.294657,
201102,"NLD",2.289634,4.041657,8.826677,
201103,"NLD",1.827067,4.613993,8.297015,
201104,"NLD",2.007459,4.343901,5.511221,
201105,"NLD",1.978194,4.410007,5.221263,
201106,"NLD",3.400348,4.749481,4.743566,
201107,"NLD",2.937201,4.232278,4.637925,
201108,"NLD",4.220704,4.412017,4.763688,
201109,"NLD",1.788367,4.374214,4.867618,
201110,"NLD",3.302925,5.087967,6.330892,
201111,"NLD",3.185467,4.170937,7.869623,
201112,"NLD",2.283931,4.198216,8.835078,
201201,"NLD",5.030396,3.962248,9.525207,
201202,"NLD",2.797558,4.008586,10.672568,
201203,"NLD",2.492706,4.173120,7.047865,
201204,"NLD",4.891104,4.155147,6.520692,
201205,"NLD",1.230445,4.759411,4.916784,
201206,"NLD",4.494252,4.424892,4.449950,
201207,"NLD",1.267352,4.301817,3.853855,
201208,"NLD",2.330292,4.272132,4.002039,
201209,"NLD",2.281858,3.953440,4.417169,
201210,"NLD",2.666244,4.018697,6.257105,
201211,"NLD",2.428035,4.457064,7.929934,
201212,"NLD",2.305581,4.221720,8.980816,
201301,"NLD",2.934212,3.954298,10.315164,
201302,"NLD",2.602449,4.092848,9.499382,
201303,"NLD",2.765123,4.205269,9.448373,
201304,"NLD",3.080628,4.062171,6.467275,
201305,"NLD",2.821321,4.375399,5.207850,
201306,"NLD",1.919239,4.371091,4.146939,
201307,"NLD",2.875432,4.027369,3.922051,
201308,"NLD",2.722900,4.150267,4.039555,
201309,"NLD",2.932133,3.883831,4.593036,
201310,"NLD",3.167690,4.113957,5.700048,
201311,"NLD",3.539971,3.788809,7.392741,
201312,"NLD",3.320903,3.744118,8.452016,
201401,"NLD",3.566314,3.684210,8.491811,
201402,"NLD",1.664934,3.535736,7.186460,
201403,"NLD",5.194287,4.027426,6.511375,
201404,"NLD",3.399428,4.207840,5.037060,
201405,"NLD",3.347940,4.582636,4.594422,
201406,"NLD",0.915626,4.023210,3.970821,
201407,"NLD",5.391263,4.199367,4.187832,
201408,"NLD",-0.226074,4.049961,4.738002,
201409,"NLD",3.326880,4.232262,4.221984,
201410,"NLD",1.338807,3.772598,5.281249,
201411,"NLD",8.095326,3.497292,6.759308,
201412,"NLD",2.156900,3.827570,8.397817,
201501,"NLD",6.079696,3.799195,9.134592,
201502,"NLD",2.650458,3.293150,8.188351,
201503,"NLD",4.206792,4.233611,7.517129,
201504,"NLD",2.802558,3.660260,5.375310,
201505,"NLD",3.211031,4.000656,4.112937,
201506,"NLD",2.892546,3.781215,3.569819,
201507,"NLD",5.624496,3.760067,3.438281,
201508,"NLD",3.544368,3.983367,3.612469,
201509,"NLD",5.647499,4.197700,4.428915,
201510,"NLD",3.538194,4.433035,6.046480,
201511,"NLD",1.320017,3.924324,6.449603,
201512,"NLD",4.023306,4.188678,6.686945,
201601,"NLD",3.464794,3.670356,9.183067,
201602,"NLD",1.828576,3.485063,8.283799,
201603,"NLD",0.371892,3.913855,3.702298,
201604,"NLD",1.236931,3.714112,6.040373,
201605,"NLD",6.268595,4.187740,4.243690,
201606,"NLD",4.879273,3.672324,3.956583,
201607,"NLD",0.737009,4.485455,4.013012,
201608,"NLD",4.338348,4.157421,4.154658,
201609,"NLD",-1.030196,4.084609,4.356276,
201610,"NLD",6.570011,4.128783,6.447208,
201611,"NLD",10.307637,4.059607,8.238438,
201612,"NLD",3.668786,4.115571,9.141250,
201701,"NLD",3.871086,3.971181,10.037193,
201702,"NLD",3.861232,3.720833,7.678932,
201703,"NLD",3.392010,4.129553,6.730922,
201704,"NLD",2.913504,3.777281,5.872638,
201705,"NLD",3.089609,3.938711,4.621565,
201706,"NLD",3.385276,4.190397,3.822471,
201707,"NLD",3.173063,3.933078,4.154343,
201708,"NLD",2.866355,3.807479,3.907217,
201709,"NLD",2.413717,3.861202,4.738370,
201710,"NLD",3.005077,4.383586,5.496818,
201711,"NLD",3.282569,4.014579,7.421594,
201712,"NLD",3.258992,3.848438,8.867411,
201801,"NLD",3.602936,3.858143,8.576968,
201802,"NLD",3.391990,3.954214,9.103963,
201803,"NLD",3.442063,4.141070,8.294795,
201804,"NLD",3.104158,3.760376,4.838386,
201805,"NLD",2.565977,4.222269,4.058560,
201806,"NLD",2.215950,3.865722,4.026633,
201807,"NLD",2.638562,3.901846,4.060891,
201808,"NLD",2.670926,4.014591,4.277233,
201809,"NLD",2.883621,3.625279,4.488052,
201810,"NLD",3.118142,4.228174,5.438864,
201811,"NLD",2.661119,3.934504,7.442146,
201812,"NLD",2.823195,4.218273,8.127458,
201901,"NLD",3.492835,4.638453,9.393524,
201902,"NLD",3.176086,3.928415,7.356022,
201903,"NLD",2.435550,4.029692,7.348549,
201904,"NLD",2.126876,3.927608,5.383310,
201905,"NLD",1.912461,3.841507,5.399240,
201906,"NLD",1.563560,3.737291,4.136405,
201907,"NLD",1.783124,3.832843,4.488916,
201908,"NLD",1.235742,3.940135,4.496084,
201909,"NLD",2.694550,3.399706,4.975828,
201910,"NLD",2.147638,4.222726,6.332163,
201911,"NLD",2.680342,4.045073,7.690831,
201912,"NLD",2.332383,4.249690,8.062053,
202001,"NLD",1.891011,4.011304,8.732116,
202002,"NLD",1.659895,3.623597,7.625392,
202003,"NLD",1.875843,3.645167,7.189239,
202004,"NLD",1.245312,3.804182,4.896883,
202005,"NLD",1.291062,3.299572,4.791298,
202006,"NLD",0.839994,3.525259,4.385351,
202007,"NLD",1.438764,3.588536,4.897566,
202008,"NLD",1.421959,3.339157,4.828204,
202009,"NLD",1.838728,3.469341,4.701046,
202010,"NLD",1.939854,3.318599,5.969013,
202011,"NLD",1.883096,3.371325,6.663870,
202012,"NLD",2.083515,3.359251,8.441658,
202101,"NLD",2.340518,3.242100,9.756183,
202102,"NLD",1.668774,3.578714,8.054861,
202103,"NLD",1.927606,3.658873,7.694292,
202104,"NLD",1.562754,3.880795,6.368378,
202105,"NLD",1.524447,3.532242,5.173662,
202106,"NLD",1.295846,3.769057,3.993494,
202107,"NLD",2.284914,3.433391,3.722326,
202108,"NLD",2.386201,3.610388,3.175032,
202109,"NLD",1.979390,3.306365,3.698107,
202110,"NLD",2.701420,3.690063,4.482037,
202111,"NLD",2.527766,3.994210,6.383332,
202112,"NLD",2.793155,3.065245,7.324596,
202201,"NLD",2.401700,3.435110,7.714131,
202202,"NLD",1.631638,3.441448,6.180057,
202203,"NLD",2.203472,3.729693,5.857379,
202204,"NLD",1.650611,3.708029,4.787676,
202205,"NLD",1.364059,3.638491,3.742547,
202206,"NLD",2.058362,3.788397,3.455366,
202207,"NLD",2.150266,3.451067,3.132166,
202208,"NLD",2.319251,3.623375,2.980135,
202209,"NLD",2.459557,3.795683,3.113226,
202210,"NLD",2.039705,3.385040,3.787660,
202211,"NLD",1.931685,3.667082,4.700326,
202212,"NLD",2.098480,4.029945,6.884010,
202301,"NLD",2.131752,3.905821,6.127708,
202302,"NLD",2.129459,3.426441,5.534284,
202303,"NLD",2.093791,3.716436,5.639704,
202304,"NLD",1.536683,3.685381,4.390957,
202305,"NLD",1.029032,3.518206,3.393774,
202306,"NLD",0.587646,3.607551,3.352644,
202307,"NLD",0.864970,3.155469,3.094705,
202308,"NLD",1.052643,3.656891,3.453091,
202309,"NLD",1.033333,3.922249,3.453748,
202310,"NLD",1.524034,3.913307,3.840712,
202311,"NLD",1.605341,3.610712,5.185828,
202312,"NLD",1.632610,3.844039,6.097999,
202401,"NLD",1.626151,3.860117,7.293274,
202402,"NLD",1.576431,3.330747,5.289568,
202403,"NLD",1.649142,3.537816,5.028550,
202404,"NLD",1.123904,3.522888,4.106651,
202405,"NLD",1.356193,3.532970,3.282666,
202406,"NLD",0.958877,3.070533,3.087561,
202407,"NLD",1.147004,3.771966,2.985076,
202408,"NLD",1.448482,3.195669,2.903277,
202409,"NLD",1.341365,3.061894,3.146847,
202410,"NLD",2.149791,3.530329,3.942192,
202411,"NLD",2.090036,3.088628,5.801370,
202412,"NLD",2.263682,3.648581,6.106603,
202501,"NLD",2.447469,3.445719,7.178897,
202502,"NLD",2.224475,3.410663,6.278637,
202503,"NLD",2.432605,3.570747,4.957707,
202504,"NLD",1.812421,3.735682,3.622969,
202505,"NLD",1.063248,3.691855,3.029767,
202506,"NLD",1.021398,3.263896,2.619050,
202507,"NLD",1.417571,3.287129,3.019965,
202508,"NLD",1.723805,3.558578,3.054846,
202509,"NLD",1.392626,2.916548,3.099695,
202510,"NLD",1.508481,3.210231,4.189738,
202511,"NLD",2.091150,3.065096,5.339315,
202512,"NLD",1.476527,3.407195,6.414193,
202601,"NLD",2.248260,3.777245,7.901704,
202602,"NLD",1.999713,3.462831,5.890055,
202603,"NLD",1.882547,3.075424,4.432212,
202604,"NLD",1.788284,2.633084,3.687767,
202605,"NLD",1.433374,2.874276,3.489409,
202606,"NLD",1.488039,3.215584,2.870175,
202607,"NLD",,,2.682881,
202608,"NLD",,,,
202609,"NLD",,,,
202610,"NLD",,,,
202611,"NLD",,,,
202612,"NLD",,,,
200801,"POL",19.652485,5.909329,3.242742,
200802,"POL",18.360348,4.882985,2.911378,
200803,"POL",18.104880,5.439357,2.969169,
200804,"POL",18.628510,5.792787,2.419894,
200805,"POL",17.003409,5.234499,1.943353,
200806,"POL",17.650298,4.865175,1.612279,
200807,"POL",18.333435,5.615732,1.591484,
200808,"POL",17.219118,5.372725,1.574897,
200809,"POL",17.865369,5.807447,2.003223,
200810,"POL",20.862294,6.124410,2.369793,
200811,"POL",18.701318,5.248985,2.560090,
200812,"POL",18.090621,5.841056,2.936380,
200901,"POL",20.141566,5.549077,3.269825,
200902,"POL",17.961165,4.804177,2.816324,
200903,"POL",17.236732,5.135536,2.812018,
200904,"POL",15.181023,4.914348,1.980337,
200905,"POL",16.055894,5.368400,1.886115,
200906,"POL",15.524426,5.646034,1.754712,
200907,"POL",17.023949,6.046241,1.580097,
200908,"POL",17.031277,5.993507,1.522339,
200909,"POL",18.282078,5.907426,1.549711,
200910,"POL",18.668786,6.496656,2.379142,
200911,"POL",18.213830,5.543284,2.558733,
200912,"POL",17.752818,5.502435,3.164309,
201001,"POL",17.380724,5.374158,3.830498,
201002,"POL",18.605170,4.841726,3.091972,
201003,"POL",16.839550,5.809232,2.954591,
201004,"POL",17.083769,5.453578,2.178746,
201005,"POL",15.324023,5.732707,1.803924,
201006,"POL",16.925607,5.676387,1.583184,
201007,"POL",19.322241,6.166785,1.457264,
201008,"POL",18.888562,6.171481,1.555659,
201009,"POL",19.622852,6.232859,1.804806,
201010,"POL",19.556035,6.854492,2.559151,
201011,"POL",21.341785,5.813132,2.559444,
201012,"POL",20.036880,5.813025,3.756444,
201101,"POL",18.256752,5.259838,3.442927,
201102,"POL",17.430837,5.214330,3.297455,
201103,"POL",19.172714,5.718506,2.994888,
201104,"POL",16.453838,5.515276,2.242559,
201105,"POL",18.366440,5.884131,1.923298,
201106,"POL",19.204716,5.708525,1.638213,
201107,"POL",18.482612,5.908303,1.692925,
201108,"POL",18.607785,6.244319,1.698539,
201109,"POL",17.416395,6.032014,1.809786,
201110,"POL",17.182999,6.303770,2.464510,
201111,"POL",17.823812,6.022695,2.923875,
201112,"POL",19.980081,5.752373,3.195023,
201201,"POL",19.352573,4.810962,3.433674,
201202,"POL",18.185905,5.432358,3.720168,
201203,"POL",18.293794,5.795393,2.894548,
201204,"POL",16.375196,5.517771,2.443046,
201205,"POL",17.356016,5.729132,1.877594,
201206,"POL",17.085290,5.251408,1.775285,
201207,"POL",17.340881,5.365484,1.594337,
201208,"POL",17.396671,5.813473,1.775720,
201209,"POL",17.474983,5.867981,2.199302,
201210,"POL",18.765913,6.109598,2.494008,
201211,"POL",18.511268,5.431852,2.810788,
201212,"POL",17.901395,5.153271,3.541055,
201301,"POL",18.218081,4.865067,3.775110,
201302,"POL",14.912831,4.383851,3.259065,
201303,"POL",17.860476,4.871213,3.569633,
201304,"POL",17.442636,4.624636,2.407104,
201305,"POL",16.417614,4.965421,1.934411,
201306,"POL",15.127324,5.073092,1.776319,
201307,"POL",17.311957,5.839201,1.834073,
201308,"POL",17.455382,5.538562,1.752891,
201309,"POL",18.650696,5.426260,1.962160,
201310,"POL",21.454210,5.951616,2.472828,
201311,"POL",19.345390,5.113511,2.831980,
201312,"POL",20.117785,4.997168,3.232468,
201401,"POL",18.099409,4.634160,3.535448,0.232055
201402,"POL",15.720686,4.453624,2.873117,0.237258
201403,"POL",16.173668,5.053609,2.742802,0.448502
201404,"POL",14.560940,5.198499,2.243330,0.602512
201405,"POL",15.349223,5.090020,1.966852,0.583781
201406,"POL",15.112770,5.069834,1.765884,0.635291
201407,"POL",17.580094,5.519071,1.806163,0.619161
201408,"POL",15.919823,5.400774,1.768431,0.658184
201409,"POL",18.884654,5.284379,1.823236,0.544238
201410,"POL",19.275940,5.534135,2.528298,0.594707
201411,"POL",18.528533,5.019918,2.930045,0.571814
201412,"POL",17.791583,5.084201,3.485689,0.445380
201501,"POL",16.029187,4.970157,3.614450,0.215406
201502,"POL",14.518715,4.930890,2.977917,0.248705
201503,"POL",16.455672,5.297224,3.068472,0.524466
201504,"POL",16.182646,5.325850,2.657773,0.528108
201505,"POL",16.271343,5.368482,2.152330,0.582220
201506,"POL",17.713147,5.514075,1.802387,0.574936
201507,"POL",15.466407,5.463413,1.762814,0.631128
201508,"POL",16.165075,5.686387,1.710724,0.468794
201509,"POL",16.972516,5.632257,1.895349,0.637372
201510,"POL",18.937472,5.626128,2.774276,0.566090
201511,"POL",18.638579,5.374087,2.963715,0.547880
201512,"POL",18.296727,5.569388,3.254974,0.396992
201601,"POL",16.804712,5.276921,3.916910,0.172741
201602,"POL",16.483137,5.248877,3.143520,0.344441
201603,"POL",15.333483,5.737385,3.224746,0.531750
201604,"POL",17.595832,5.633880,2.618970,0.586382
201605,"POL",14.171211,5.475244,2.141703,0.632689
201606,"POL",14.698702,5.889687,1.788689,0.630088
201607,"POL",15.576057,5.829668,1.818282,0.607194
201608,"POL",15.512542,6.947050,1.922647,0.610316
201609,"POL",22.285607,6.860525,1.995554,0.570253
201610,"POL",17.233520,6.818517,2.789645,0.624364
201611,"POL",18.046393,6.671374,3.296362,0.460989
201612,"POL",18.357800,6.477172,3.784530,0.510418
201701,"POL",17.088674,6.139865,4.256597,0.238299
201702,"POL",15.907174,5.949502,3.487977,0.288248
201703,"POL",16.748042,6.715751,3.191275,0.416763
201704,"POL",15.779968,6.500827,2.852282,0.638413
201705,"POL",16.433369,6.870773,2.266850,0.658184
201706,"POL",15.655834,6.982811,1.909148,0.667029
201707,"POL",16.223207,7.083646,1.994623,0.718019
201708,"POL",17.035245,7.283472,1.953363,0.630608
201709,"POL",17.704132,7.154214,2.180015,0.645177
201710,"POL",18.096408,7.599841,2.867239,0.646217
201711,"POL",18.273106,7.092073,3.357818,0.645697
201712,"POL",18.558821,7.049916,3.787351,0.569212
201801,"POL",15.848899,6.728650,3.908365,0.282525
201802,"POL",15.545085,6.338443,3.853725,0.356928
201803,"POL",17.314744,7.199411,3.927800,0.579618
201804,"POL",15.731508,6.801990,2.387355,0.706572
201805,"POL",15.888317,6.980757,2.122088,0.659225
201806,"POL",16.478455,7.044190,1.979852,0.695646
201807,"POL",17.980936,7.378481,1.907244,0.715418
201808,"POL",16.847993,7.586453,2.144457,0.680037
201809,"POL",16.219567,7.354322,2.100682,0.698248
201810,"POL",18.658298,7.678694,2.676366,0.711775
201811,"POL",16.316183,7.217513,3.322412,0.680557
201812,"POL",15.843266,7.151630,3.874857,0.649339
201901,"POL",18.627783,6.818762,4.360890,0.376700
201902,"POL",15.426563,6.367300,3.478887,0.371497
201903,"POL",14.642954,7.291693,3.537712,0.586382
201904,"POL",13.303441,7.286522,2.849688,0.658184
201905,"POL",13.265678,7.181269,2.521578,0.703451
201906,"POL",13.219295,7.080589,1.944193,0.658704
201907,"POL",14.397107,7.829404,2.080229,0.660786
201908,"POL",14.021315,7.672719,2.161850,0.728425
201909,"POL",15.249262,7.489074,2.238875,0.659225
201910,"POL",16.105139,8.157564,2.908003,0.663907
201911,"POL",14.883461,7.118058,3.394062,0.660265
201912,"POL",14.610983,6.957442,3.953758,0.648298
202001,"POL",13.811115,6.770387,4.036304,0.428730
202002,"POL",12.699644,6.540682,3.682813,0.347563
202003,"POL",13.158191,6.924074,3.674414,0.662867
202004,"POL",11.321651,5.673228,2.766399,0.804389
202005,"POL",12.202132,6.628303,2.473408,0.707613
202006,"POL",13.317145,6.738644,2.150658,0.665989
202007,"POL",13.346525,7.509619,2.183668,0.651941
202008,"POL",13.074088,7.639098,2.192806,0.683159
202009,"POL",13.762569,7.619226,2.379316,0.554123
202010,"POL",16.885813,7.635314,3.100923,0.684720
202011,"POL",15.473982,7.314501,3.678864,0.664948
202012,"POL",15.143331,7.218228,4.296618,0.616040
202101,"POL",14.994576,6.362025,4.694818,0.312182
202102,"POL",14.950661,6.210730,4.300503,0.297093
202103,"POL",17.180466,7.477001,4.082341,0.647258
202104,"POL",15.309678,6.657749,3.436060,0.662347
202105,"POL",13.738833,7.076227,2.674074,0.680557
202106,"POL",14.475648,7.436611,2.248794,0.588984
202107,"POL",15.280662,8.132369,2.314814,0.722702
202108,"POL",15.370134,7.972090,2.318560,0.715938
202109,"POL",16.371490,8.411698,2.412295,0.673793
202110,"POL",13.574788,8.136305,3.132990,0.664948
202111,"POL",16.592215,7.871480,3.569442,0.627486
202112,"POL",16.280776,7.932740,4.498382,0.689923
202201,"POL",14.717798,6.808248,4.260449,0.436535
202202,"POL",13.695129,7.765823,3.673067,0.354327
202203,"POL",16.398426,7.912630,3.676518,0.593666
202204,"POL",14.654083,7.502340,3.156425,0.707613
202205,"POL",13.037084,7.702395,2.295979,0.731027
202206,"POL",12.514036,7.471883,2.007936,0.719580
202207,"POL",13.375389,7.793948,1.871167,0.725824
202208,"POL",13.707500,7.933059,1.667625,0.728425
202209,"POL",13.466686,7.265067,1.780763,0.652461
202210,"POL",14.355906,7.279406,2.365719,0.695646
202211,"POL",16.061009,7.310081,3.351743,0.689402
202212,"POL",16.519500,8.185683,4.022775,0.559847
202301,"POL",15.409927,6.469563,4.025485,0.196675
202302,"POL",13.959486,6.942361,3.772096,0.361091
202303,"POL",13.745494,7.440467,3.717843,0.592106
202304,"POL",10.201680,7.099433,2.977335,0.652981
202305,"POL",10.010897,7.542464,2.258167,0.528629
202306,"POL",8.343660,7.320859,1.988956,0.585862
202307,"POL",9.386738,7.738846,1.996109,0.655062
202308,"POL",11.134727,8.039241,2.135255,0.691484
202309,"POL",12.340528,8.186330,2.184990,0.596268
202310,"POL",12.363753,9.098616,2.850884,0.648819
202311,"POL",11.862882,7.301587,3.891264,0.606674
202312,"POL",13.167464,7.514149,4.508383,0.466192
202401,"POL",12.483446,7.222004,4.896162,0.178360
202402,"POL",9.162340,6.740906,3.847874,0.279143
202403,"POL",10.731246,7.387439,3.792814,0.553083
202404,"POL",10.718359,7.557442,2.992531,0.641482
202405,"POL",9.699563,7.415978,2.216064,0.615259
202406,"POL",10.629016,7.809619,2.067983,0.604645
202407,"POL",10.247827,7.923095,2.284206,0.656415
202408,"POL",11.629308,7.942524,2.316737,0.586018
202409,"POL",10.818795,7.794937,2.507415,0.596060
202410,"POL",12.167459,8.692698,3.331522,0.595175
202411,"POL",12.905556,7.409552,4.268808,0.694397
202412,"POL",12.603172,7.265759,4.531536,0.516141
202501,"POL",13.092607,6.860098,4.739600,0.248393
202502,"POL",12.221805,6.810290,4.584937,0.321288
202503,"POL",10.423605,7.821074,3.873830,0.573114
202504,"POL",8.856918,7.958695,3.038158,0.653553
202505,"POL",8.941790,7.979308,2.763535,0.663751
202506,"POL",8.857879,7.943925,2.169274,0.566923
202507,"POL",10.014948,8.149912,2.363707,0.607663
202508,"POL",9.884855,7.746419,2.333797,0.571085
202509,"POL",11.574231,7.964992,2.540751,0.573062
202510,"POL",13.891702,9.093588,3.741098,0.618953
202511,"POL",12.628388,7.923529,4.427188,0.623948
202512,"POL",13.060333,7.801766,4.992980,0.527484
202601,"POL",12.656726,7.385948,6.021598,0.126798
202602,"POL",11.575489,6.767264,5.162115,0.243814
202603,"POL",12.328593,8.152953,3.895410,0.517078
202604,"POL",11.332951,8.056901,3.437096,0.584925
202605,"POL",11.567464,7.692765,2.530773,0.701421
202606,"POL",10.131584,7.626169,2.082365,0.489762
202607,"POL",,,2.162937,0.551678
202608,"POL",,,2.181166,
202609,"POL",,,,
202610,"POL",,,,
202611,"POL",,,,
202612,"POL",,,,
200801,"PRT",1.203400,2.804600,1.025239,
200802,"PRT",1.065266,2.640985,0.877153,
200803,"PRT",0.784317,2.775087,0.889004,
200804,"PRT",0.292656,2.934711,0.796641,
200805,"PRT",0.304362,2.843015,0.927439,
200806,"PRT",0.491661,2.715534,0.888732,
200807,"PRT",0.810071,3.049761,0.965765,
200808,"PRT",0.814753,2.907471,0.832086,
200809,"PRT",0.936498,2.873871,0.894821,
200810,"PRT",1.081655,2.905314,0.788921,
200811,"PRT",1.076973,2.846368,0.807024,
200812,"PRT",0.971617,2.981771,0.755977,
200901,"PRT",0.963322,2.802889,0.791817,
200902,"PRT",0.825382,2.356422,0.558114,
200903,"PRT",1.024378,2.733541,0.825090,
200904,"PRT",0.823121,2.598040,0.734530,
200905,"PRT",0.829904,2.691162,0.863215,
200906,"PRT",0.952592,2.698375,0.650852,
200907,"PRT",0.915835,2.921297,0.880594,
200908,"PRT",0.954277,2.759859,0.968282,
200909,"PRT",0.994981,2.661039,0.944070,
200910,"PRT",0.972368,2.743740,0.854847,
200911,"PRT",0.687441,2.601091,0.778597,
200912,"PRT",0.791462,2.631542,0.851084,
201001,"PRT",0.495057,2.415708,0.801233,
201002,"PRT",0.278327,2.350553,0.803046,
201003,"PRT",0.109506,2.747414,0.827324,
201004,"PRT",0.187072,2.587395,0.752072,
201005,"PRT",0.239544,2.593208,0.897943,
201006,"PRT",0.463118,2.599438,0.875175,
201007,"PRT",0.611407,2.776557,1.005482,
201008,"PRT",0.894297,2.761308,0.878651,
201009,"PRT",0.960457,2.647418,0.933151,
201010,"PRT",0.670723,2.556215,0.887516,
201011,"PRT",0.661598,2.520045,0.875024,
201012,"PRT",0.853233,2.806651,0.872405,
201101,"PRT",0.167967,2.239996,0.923500,
201102,"PRT",0.555223,2.190359,0.961202,
201103,"PRT",0.263614,2.486744,1.007797,
201104,"PRT",0.111978,2.406018,0.808920,
201105,"PRT",0.706860,2.515039,1.041383,
201106,"PRT",0.881825,2.410872,0.824977,
201107,"PRT",0.963475,2.466842,0.821623,
201108,"PRT",1.056790,2.612250,0.830261,
201109,"PRT",1.033461,2.400679,0.898298,
201110,"PRT",0.984471,2.313916,0.809225,
201111,"PRT",0.888823,2.178214,0.787020,
201112,"PRT",1.017131,2.250000,0.811918,
201201,"PRT",0.989200,2.195703,0.962311,
201202,"PRT",1.002907,2.124435,0.878522,
201203,"PRT",0.986915,2.249581,0.753859,
201204,"PRT",0.728764,2.094282,0.636194,
201205,"PRT",0.852128,2.202581,0.631772,
201206,"PRT",1.023468,2.125637,0.644214,
201207,"PRT",1.110279,2.256736,0.749339,
201208,"PRT",1.053166,2.243268,0.833760,
201209,"PRT",0.895534,2.023742,0.846979,
201210,"PRT",0.831567,2.140058,0.729947,
201211,"PRT",0.852128,1.941033,0.728926,
201212,"PRT",0.808722,2.019099,0.707104,
201301,"PRT",0.948133,1.924499,0.718909,
201302,"PRT",0.849655,1.738674,0.650438,
201303,"PRT",0.435133,1.951722,0.683367,
201304,"PRT",0.371009,2.080369,0.775579,
201305,"PRT",0.934392,2.200783,0.702918,
201306,"PRT",0.952713,1.991386,0.749136,
201307,"PRT",0.989356,2.310455,0.754632,
201308,"PRT",1.110735,2.358761,0.582912,
201309,"PRT",0.968744,2.036623,0.620526,
201310,"PRT",0.918361,2.153478,0.625842,
201311,"PRT",0.826754,2.160210,0.654807,
201312,"PRT",0.886298,2.088559,0.599759,
201401,"PRT",0.652881,1.857199,0.657765,
201402,"PRT",0.264805,1.804975,0.629617,
201403,"PRT",0.563851,1.947226,0.592361,
201404,"PRT",0.404056,2.031563,0.534776,
201405,"PRT",0.890292,2.250957,0.630904,
201406,"PRT",1.054653,2.085189,0.613151,
201407,"PRT",1.141400,2.333090,0.669770,
201408,"PRT",1.102592,2.287056,0.608689,
201409,"PRT",1.109441,2.126068,0.700632,
201410,"PRT",1.088895,2.118778,0.646589,
201411,"PRT",1.036391,1.939640,0.630261,
201412,"PRT",1.006715,2.233301,0.746074,
201501,"PRT",1.050768,2.044998,0.855826,
201502,"PRT",0.840615,1.936828,0.705920,
201503,"PRT",1.000514,2.107850,0.711673,
201504,"PRT",0.890869,2.105097,0.697906,
201505,"PRT",1.021073,2.143970,0.722391,
201506,"PRT",1.128434,2.161387,0.871363,
201507,"PRT",1.160414,2.332814,0.918168,
201508,"PRT",1.114728,2.313830,0.711378,
201509,"PRT",1.085033,2.248109,0.760691,
201510,"PRT",1.162698,2.314777,0.703855,
201511,"PRT",1.067559,2.018370,0.705724,
201512,"PRT",1.040147,1.918928,0.737829,
201601,"PRT",0.859595,1.993976,0.709017,
201602,"PRT",0.626418,1.918980,0.607197,
201603,"PRT",0.760943,2.217263,0.644193,
201604,"PRT",0.415662,2.149940,0.644565,
201605,"PRT",0.561398,2.187218,0.625812,
201606,"PRT",1.041204,2.157054,0.781473,
201607,"PRT",1.139856,2.359543,0.883759,
201608,"PRT",1.098622,2.316605,0.861329,
201609,"PRT",1.148824,2.106409,0.984927,
201610,"PRT",0.988760,2.043344,0.988371,
201611,"PRT",0.987394,2.049590,0.955563,
201612,"PRT",1.191424,2.116232,0.997259,
201701,"PRT",1.188576,2.007860,1.034274,
201702,"PRT",0.837105,1.909012,0.913327,
201703,"PRT",0.838422,2.162165,0.968109,
201704,"PRT",0.938502,2.061363,0.868426,
201705,"PRT",1.142326,2.258588,0.998140,
201706,"PRT",1.111795,2.179401,1.053746,
201707,"PRT",1.076366,2.307195,1.245120,
201708,"PRT",1.094368,2.355387,1.168977,
201709,"PRT",1.131699,2.152710,1.111434,
201710,"PRT",1.059467,2.163699,0.937303,
201711,"PRT",0.993825,2.103659,1.043574,
201712,"PRT",0.981338,2.294758,0.975907,
201801,"PRT",0.970334,2.001821,1.064228,
201802,"PRT",0.918417,1.954684,0.904778,
201803,"PRT",0.355302,2.099818,0.792444,
201804,"PRT",0.269188,2.055516,0.728520,
201805,"PRT",0.843689,2.155056,0.869911,
201806,"PRT",0.979228,2.064092,0.984791,
201807,"PRT",1.132471,2.260284,1.111102,
201808,"PRT",1.037220,2.336000,1.014664,
201809,"PRT",1.164375,2.185582,1.059281,
201810,"PRT",0.805159,2.219017,0.900456,
201811,"PRT",0.911361,2.042133,0.953334,
201812,"PRT",0.988748,2.158992,0.858817,
201901,"PRT",0.964953,2.081101,1.004325,
201902,"PRT",0.600747,1.869971,0.814664,
201903,"PRT",0.576013,2.142008,0.801497,
201904,"PRT",0.526146,2.270470,0.914376,
201905,"PRT",0.346245,2.363352,1.043283,
201906,"PRT",0.537790,2.139975,1.106799,
201907,"PRT",0.749938,2.429592,1.181213,
201908,"PRT",0.111095,2.280293,1.064192,
201909,"PRT",0.054849,2.037385,1.063452,
201910,"PRT",0.298101,2.257642,1.151921,
201911,"PRT",0.144761,2.197770,1.046291,
201912,"PRT",0.115783,2.137289,0.933066,
202001,"PRT",0.133477,2.154662,1.273397,
202002,"PRT",0.030863,2.012840,1.034111,
202003,"PRT",0.017702,1.832282,1.011694,
202004,"PRT",0.003105,1.289776,0.723365,
202005,"PRT",0.022595,1.687276,0.738656,
202006,"PRT",0.011311,1.830961,0.702488,
202007,"PRT",0.103704,2.156968,0.750721,
202008,"PRT",0.374526,2.142493,1.234108,
202009,"PRT",0.595955,2.071363,1.293275,
202010,"PRT",0.250348,2.157213,1.175380,
202011,"PRT",0.631013,1.821507,1.131754,
202012,"PRT",0.242445,2.050749,0.942707,
202101,"PRT",0.244056,1.703390,1.094640,
202102,"PRT",0.039625,1.568386,0.736464,
202103,"PRT",0.045335,1.791759,0.992685,
202104,"PRT",0.177698,1.969810,1.091129,
202105,"PRT",0.050708,2.062518,0.729700,
202106,"PRT",0.055257,2.006674,1.076120,
202107,"PRT",0.105994,2.024850,0.899768,
202108,"PRT",0.052086,2.163713,0.910376,
202109,"PRT",0.090878,2.042036,1.062279,
202110,"PRT",0.060960,2.097885,0.971922,
202111,"PRT",0.111825,2.211984,1.068405,
202112,"PRT",0.003444,2.174052,0.943140,
202201,"PRT",0.031760,1.814605,1.093069,
202202,"PRT",0.023715,1.903518,0.917803,
202203,"PRT",0.026434,2.217562,0.987655,
202204,"PRT",0.030135,1.802450,0.845314,
202205,"PRT",0.018173,2.622528,0.922215,
202206,"PRT",0.019564,2.019552,0.996886,
202207,"PRT",0.010759,2.133102,1.025256,
202208,"PRT",0.012432,2.641494,0.976322,
202209,"PRT",0.018673,2.104223,0.939203,
202210,"PRT",0.012861,1.936354,0.915513,
202211,"PRT",0.022725,1.830431,0.968292,
202212,"PRT",0.017176,1.889094,0.769189,
202301,"PRT",0.014377,2.075523,0.683199,
202302,"PRT",0.006109,1.887472,0.849491,
202303,"PRT",0.011684,2.313411,0.701519,
202304,"PRT",0.006974,2.080249,0.600276,
202305,"PRT",0.018600,2.316306,0.606237,
202306,"PRT",0.018142,1.974620,0.772752,
202307,"PRT",0.005056,2.310550,0.819373,
202308,"PRT",0.004497,2.101800,0.724820,
202309,"PRT",0.007356,1.999520,0.781723,
202310,"PRT",0.011967,2.155830,0.631497,
202311,"PRT",0.011871,1.974659,0.632386,
202312,"PRT",0.016280,2.056937,0.646435,
202401,"PRT",0.005196,1.953102,0.721656,
202402,"PRT",0.008886,1.875456,0.651118,
202403,"PRT",0.010332,1.676757,0.599134,
202404,"PRT",0.010346,2.213891,0.486163,
202405,"PRT",0.006791,2.212473,0.480364,
202406,"PRT",0.007251,2.066502,0.458842,
202407,"PRT",0.011475,2.289325,0.530911,
202408,"PRT",0.003241,2.271783,0.501986,
202409,"PRT",0.011088,2.043809,0.565300,
202410,"PRT",0.007235,2.225704,0.585419,
202411,"PRT",0.005545,2.069214,0.621956,
202412,"PRT",0.008972,2.110764,0.699998,
202501,"PRT",0.006840,1.885218,0.784193,
202502,"PRT",0.009428,1.872986,0.555871,
202503,"PRT",0.012463,2.027957,0.648142,
202504,"PRT",0.008623,2.024139,0.508210,
202505,"PRT",0.009959,2.237160,0.667558,
202506,"PRT",0.007274,2.148077,0.591638,
202507,"PRT",0.004579,2.271751,0.634670,
202508,"PRT",0.003048,2.150600,0.592814,
202509,"PRT",0.004124,2.079500,0.666495,
202510,"PRT",0.005216,2.305955,0.695162,
202511,"PRT",0.004763,1.911832,0.692856,
202512,"PRT",0.003982,2.115527,0.668208,
202601,"PRT",0.005443,2.013616,0.771216,
202602,"PRT",0.006921,1.900373,0.782135,
202603,"PRT",0.008560,2.310866,0.691056,
202604,"PRT",0.008458,1.970500,0.587128,
202605,"PRT",0.008958,2.049885,0.574638,
202606,"PRT",0.006958,2.284208,0.550671,
202607,"PRT",,,0.587284,
202608,"PRT",,,0.522471,
202609,"PRT",,,,
202610,"PRT",,,,
202611,"PRT",,,,
202612,"PRT",,,,
200801,"ROU",2.763098,2.216475,3.349208,
200802,"ROU",3.304822,2.138837,2.581979,
200803,"ROU",3.287920,2.331421,2.705864,
200804,"ROU",2.707545,2.264834,2.387545,
200805,"ROU",2.987617,2.190961,2.395000,
200806,"ROU",2.926931,2.150260,2.106952,
200807,"ROU",3.524686,2.342875,2.279921,
200808,"ROU",2.787901,2.558102,2.270815,
200809,"ROU",3.008220,2.636382,2.199365,
200810,"ROU",3.280293,2.574822,1.881196,
200811,"ROU",2.511057,2.455706,1.904562,
200812,"ROU",2.400442,2.298570,1.952045,
200901,"ROU",2.458561,2.040731,3.015384,
200902,"ROU",1.927767,1.552395,2.755062,
200903,"ROU",2.598278,2.109899,2.663328,
200904,"ROU",1.912703,2.322401,2.035292,
200905,"ROU",2.294052,2.123430,1.693133,
200906,"ROU",2.071081,1.869910,1.609421,
200907,"ROU",1.994742,2.062598,2.417819,
200908,"ROU",2.653742,2.240474,2.891951,
200909,"ROU",2.833394,2.261947,2.697550,
200910,"ROU",3.184358,2.264075,2.552703,
200911,"ROU",2.595870,2.125186,3.017649,
200912,"ROU",2.093237,2.083183,4.026400,
201001,"ROU",1.902309,1.500248,2.685907,
201002,"ROU",2.333240,1.479968,2.458270,
201003,"ROU",2.267731,1.944159,2.530587,
201004,"ROU",1.797198,1.684440,1.955845,
201005,"ROU",2.097824,2.097774,1.696103,
201006,"ROU",2.253808,1.856960,1.576450,
201007,"ROU",2.241345,1.951718,1.202537,
201008,"ROU",2.415283,2.259087,1.213411,
201009,"ROU",2.571819,2.471608,1.794714,
201010,"ROU",2.668064,1.952323,2.127148,
201011,"ROU",2.562161,2.307628,2.138302,
201012,"ROU",1.902481,2.285698,2.707841,
201101,"ROU",2.297863,1.484832,2.620123,
201102,"ROU",2.157252,1.504954,2.785985,
201103,"ROU",2.754633,1.905469,2.476472,
201104,"ROU",2.352410,1.988060,1.940123,
201105,"ROU",2.226746,2.168848,2.285757,
201106,"ROU",2.419612,2.139786,2.096015,
201107,"ROU",2.358586,2.218463,1.210322,
201108,"ROU",2.554237,2.332382,1.105343,
201109,"ROU",2.503892,2.313255,1.395102,
201110,"ROU",2.557923,2.265298,1.793875,
201111,"ROU",2.843259,2.176668,2.405991,
201112,"ROU",2.695468,2.078628,2.506705,
201201,"ROU",2.399609,1.581544,2.370829,
201202,"ROU",2.123733,1.558140,2.743631,
201203,"ROU",2.950696,2.039682,2.294720,
201204,"ROU",2.071847,2.249398,2.021978,
201205,"ROU",2.099873,2.255072,2.027863,
201206,"ROU",2.170207,1.794808,1.781744,
201207,"ROU",2.446622,2.532139,1.120081,
201208,"ROU",2.451533,2.278835,1.321695,
201209,"ROU",2.544875,2.399331,1.353026,
201210,"ROU",2.510924,2.449555,1.658050,
201211,"ROU",2.524775,2.122613,2.126339,
201212,"ROU",2.217651,2.175290,2.616994,
201301,"ROU",2.404854,1.483275,2.731067,
201302,"ROU",1.698167,1.666887,2.377309,
201303,"ROU",2.027617,1.450773,2.202507,
201304,"ROU",1.691163,2.105134,1.585177,
201305,"ROU",1.220070,2.034113,1.406587,
201306,"ROU",1.400460,1.919175,1.251866,
201307,"ROU",1.712840,2.373152,1.344516,
201308,"ROU",2.157206,2.104691,1.318319,
201309,"ROU",1.969800,2.286122,1.398600,
201310,"ROU",2.628768,2.412076,1.659616,
201311,"ROU",1.967545,2.166151,1.902286,
201312,"ROU",1.675628,1.987708,2.670959,
201401,"ROU",1.896011,1.345595,2.488930,
201402,"ROU",1.981028,1.907648,2.335609,
201403,"ROU",1.658190,2.333907,1.916131,
201404,"ROU",1.343186,1.840904,1.718209,
201405,"ROU",1.604574,1.980767,1.460897,
201406,"ROU",1.819894,1.519142,1.592361,
201407,"ROU",2.172256,2.360992,1.319183,
201408,"ROU",1.607843,2.286103,1.315954,
201409,"ROU",1.728350,2.616988,1.339261,
201410,"ROU",2.407132,2.368857,1.254691,
201411,"ROU",2.267289,2.079545,2.154817,
201412,"ROU",1.763479,2.000401,2.148358,
201501,"ROU",2.014726,1.847956,2.416722,
201502,"ROU",1.775123,1.742340,2.177053,
201503,"ROU",1.842431,2.031795,2.100893,
201504,"ROU",1.511568,1.886040,1.569689,
201505,"ROU",1.728730,2.159671,1.293883,
201506,"ROU",1.626217,1.955760,1.250490,
201507,"ROU",1.925270,2.265702,1.251754,
201508,"ROU",2.177872,2.227105,1.274878,
201509,"ROU",1.941247,2.257546,1.169883,
201510,"ROU",2.115543,2.346206,1.588788,
201511,"ROU",2.192721,2.036990,1.906630,
201512,"ROU",2.187495,2.079653,2.271376,
201601,"ROU",2.076372,1.807359,2.459627,
201602,"ROU",1.942724,1.983598,1.969090,
201603,"ROU",1.493144,2.237838,1.886506,
201604,"ROU",1.277946,2.232722,1.363983,
201605,"ROU",1.352576,2.169121,1.170231,
201606,"ROU",1.615693,1.797414,1.045552,
201607,"ROU",1.714791,2.370261,1.086867,
201608,"ROU",1.595582,2.422086,1.154238,
201609,"ROU",1.719949,2.297382,1.405619,
201610,"ROU",1.903451,2.311586,1.861874,
201611,"ROU",1.922381,2.150300,2.318036,
201612,"ROU",1.934969,2.031950,2.653976,
201701,"ROU",1.825145,2.055228,3.057616,
201702,"ROU",1.847402,1.782545,2.432040,
201703,"ROU",1.417319,2.042148,1.943252,
201704,"ROU",1.440621,2.221591,1.544335,
201705,"ROU",1.638827,2.319742,1.212527,
201706,"ROU",1.663980,2.371735,1.312042,
201707,"ROU",1.798269,2.368338,1.155288,
201708,"ROU",1.838388,2.942897,1.205767,
201709,"ROU",1.693922,2.606484,1.243085,
201710,"ROU",1.884241,2.359947,1.663231,
201711,"ROU",1.634062,2.294503,2.151117,
201712,"ROU",1.837821,2.437674,2.517674,
201801,"ROU",2.051169,2.337811,2.386021,
201802,"ROU",1.877264,1.989005,3.304003,
201803,"ROU",1.884346,2.260421,2.737734,
201804,"ROU",1.191176,1.891503,1.169049,
201805,"ROU",1.439726,2.070818,1.022146,
201806,"ROU",1.395376,2.318984,1.021908,
201807,"ROU",1.478210,2.851621,0.981593,
201808,"ROU",1.554046,2.658984,1.038025,
201809,"ROU",1.500467,2.520226,1.123885,
201810,"ROU",1.766008,2.841013,1.548004,
201811,"ROU",1.744772,2.048333,2.405560,
201812,"ROU",1.711875,2.484803,3.235923,
201901,"ROU",1.582057,2.034815,3.334823,
201902,"ROU",1.425685,2.081518,2.588245,
201903,"ROU",1.613411,2.239545,2.083094,
201904,"ROU",1.548550,2.498903,1.511606,
201905,"ROU",1.380605,2.144298,1.035335,
201906,"ROU",1.355755,2.448396,0.677877,
201907,"ROU",1.514500,2.702471,0.901595,
201908,"ROU",1.387500,2.689429,0.955787,
201909,"ROU",1.339213,2.741992,1.061341,
201910,"ROU",1.508447,2.755688,1.527877,
201911,"ROU",1.333080,2.317987,1.887699,
201912,"ROU",1.446685,2.231913,2.604331,
202001,"ROU",1.425149,2.225456,3.095129,
202002,"ROU",1.040551,2.418723,2.442743,
202003,"ROU",1.185250,2.394457,2.333242,
202004,"ROU",0.629598,1.397267,1.469746,
202005,"ROU",0.645488,2.167491,1.055046,
202006,"ROU",0.900667,2.310533,0.982870,
202007,"ROU",1.105862,2.598934,1.072119,
202008,"ROU",1.235648,2.675523,1.076048,
202009,"ROU",1.266588,2.467508,1.105045,
202010,"ROU",1.049021,2.880790,1.377806,
202011,"ROU",1.351018,2.451847,2.362256,
202012,"ROU",1.268258,2.524467,2.732080,
202101,"ROU",1.134007,2.212549,3.021783,
202102,"ROU",1.208873,1.745405,2.667162,
202103,"ROU",1.106541,2.523619,2.691406,
202104,"ROU",1.312165,2.148670,1.890159,
202105,"ROU",1.078492,2.804461,1.124615,
202106,"ROU",1.173909,2.622945,0.964707,
202107,"ROU",1.370893,2.481325,0.941126,
202108,"ROU",1.153191,3.189592,0.930519,
202109,"ROU",1.187964,2.782467,1.061211,
202110,"ROU",1.261846,2.524410,1.743320,
202111,"ROU",1.226096,2.850991,2.201405,
202112,"ROU",1.187980,2.440727,2.809929,
202201,"ROU",1.074654,2.461555,2.895023,
202202,"ROU",1.032686,2.379764,2.297168,
202203,"ROU",1.123319,2.694824,2.266159,
202204,"ROU",1.053674,2.114438,1.325316,
202205,"ROU",1.148297,2.890054,1.045480,
202206,"ROU",1.192550,2.252597,0.893786,
202207,"ROU",1.134702,2.870838,0.836582,
202208,"ROU",0.991620,2.702897,0.795615,
202209,"ROU",0.956559,3.051231,0.905161,
202210,"ROU",0.995164,2.629233,1.161634,
202211,"ROU",1.193187,2.663498,1.754958,
202212,"ROU",1.035728,2.824964,2.380094,
202301,"ROU",0.765952,2.505479,2.427245,
202302,"ROU",0.696077,2.515015,2.436696,
202303,"ROU",0.797354,2.676209,1.884215,
202304,"ROU",0.863377,2.431194,1.417618,
202305,"ROU",0.819463,2.426576,0.892515,
202306,"ROU",0.733149,2.299398,0.658681,
202307,"ROU",0.719308,2.928429,0.800102,
202308,"ROU",0.824712,3.188436,0.766732,
202309,"ROU",0.746540,2.741273,0.824557,
202310,"ROU",0.627979,2.699431,1.171167,
202311,"ROU",0.710960,2.661746,2.029825,
202312,"ROU",0.780106,3.161262,2.610902,
202401,"ROU",0.627396,2.125625,2.814754,
202402,"ROU",0.595782,2.491106,2.063450,
202403,"ROU",0.750015,2.646940,1.999226,
202404,"ROU",0.530941,2.727018,0.980863,
202405,"ROU",0.631861,2.622367,0.857497,
202406,"ROU",0.689775,3.415014,0.754879,
202407,"ROU",0.698271,2.895513,0.860367,
202408,"ROU",0.621084,2.838155,0.787674,
202409,"ROU",0.593052,2.880191,0.797460,
202410,"ROU",0.684813,2.838251,1.279635,
202411,"ROU",0.716639,3.108336,2.234291,
202412,"ROU",0.623184,2.944431,2.517912,
202501,"ROU",0.604874,2.225994,2.589356,
202502,"ROU",0.729237,2.077205,2.615629,
202503,"ROU",0.546174,2.761085,1.803142,
202504,"ROU",0.465247,2.625992,1.179604,
202505,"ROU",0.460445,2.552869,0.926196,
202506,"ROU",0.613065,2.640451,0.702687,
202507,"ROU",0.926024,3.464702,0.766627,
202508,"ROU",0.468870,2.695602,0.804154,
202509,"ROU",0.593110,2.796287,0.839561,
202510,"ROU",0.562255,2.867765,1.591215,
202511,"ROU",0.628364,2.553154,1.878289,
202512,"ROU",0.608090,3.244945,2.478332,
202601,"ROU",0.576379,1.877335,3.022391,
202602,"ROU",0.452139,2.187166,2.397158,
202603,"ROU",0.450430,2.228170,1.970103,
202604,"ROU",0.392869,2.486696,1.201922,
202605,"ROU",0.372922,2.640784,0.830097,
202606,"ROU",0.401784,2.775652,0.687055,
202607,"ROU",,,0.708761,
202608,"ROU",,,,
202609,"ROU",,,,
202610,"ROU",,,,
202611,"ROU",,,,
202612,"ROU",,,,
200801,"SVK",1.530511,0.762593,1.820455,
200802,"SVK",1.480015,0.725255,1.463013,
200803,"SVK",1.529284,0.744876,1.473059,
200804,"SVK",1.424814,0.716178,0.849923,
200805,"SVK",1.399494,0.801498,0.609815,
200806,"SVK",1.336857,0.819959,0.602211,
200807,"SVK",1.256491,0.852332,0.394573,
200808,"SVK",1.211308,0.857027,0.456460,
200809,"SVK",1.197800,0.871410,0.629353,
200810,"SVK",1.336957,0.859651,0.935287,
200811,"SVK",1.568714,0.744961,1.289010,
200812,"SVK",1.655885,0.747474,1.511801,
200901,"SVK",1.406607,0.651588,1.184593,
200902,"SVK",1.346876,0.606938,1.095015,
200903,"SVK",1.512438,0.599335,0.968096,
200904,"SVK",1.264730,0.744749,0.479048,
200905,"SVK",1.206733,0.752339,0.395136,
200906,"SVK",1.266005,0.796833,0.488319,
200907,"SVK",1.204338,0.808436,0.649575,
200908,"SVK",1.330169,0.840036,0.682024,
200909,"SVK",1.332230,0.816165,0.722327,
200910,"SVK",1.332601,0.824349,1.136950,
200911,"SVK",1.410377,0.743659,1.351815,
200912,"SVK",1.295501,0.706103,1.492770,
201001,"SVK",1.302491,0.560480,1.939543,
201002,"SVK",1.350386,0.642097,1.572999,
201003,"SVK",1.541826,0.761827,1.275456,
201004,"SVK",1.408137,0.796894,0.675500,
201005,"SVK",1.429571,0.656821,0.520640,
201006,"SVK",1.279214,0.823694,0.442661,
201007,"SVK",1.169005,0.887828,0.437838,
201008,"SVK",1.164503,0.881803,0.513716,
201009,"SVK",1.246893,0.799803,0.561993,
201010,"SVK",1.352471,0.820101,1.066971,
201011,"SVK",1.329748,0.807803,1.042378,
201012,"SVK",1.370987,0.795481,1.209320,
201101,"SVK",1.393942,0.629254,1.823961,
201102,"SVK",1.315634,0.615923,1.853037,
201103,"SVK",1.344078,0.701129,1.160721,
201104,"SVK",1.600740,0.745705,0.802027,
201105,"SVK",1.438445,0.722820,0.353841,
201106,"SVK",1.294943,0.738693,0.230219,
201107,"SVK",1.198907,0.694815,0.403541,
201108,"SVK",1.298200,0.793993,0.315667,
201109,"SVK",1.247402,0.792026,0.359139,
201110,"SVK",1.459626,0.812124,0.780069,
201111,"SVK",1.423066,0.780274,1.230276,
201112,"SVK",1.175922,0.728225,1.336792,
201201,"SVK",1.110475,0.696348,1.571376,
201202,"SVK",1.123005,0.701132,1.878161,
201203,"SVK",1.213609,0.787530,1.017863,
201204,"SVK",1.233614,0.649594,0.991390,
201205,"SVK",1.161715,0.652075,0.215773,
201206,"SVK",1.207679,0.754788,0.164101,
201207,"SVK",1.122772,0.812924,0.206771,
201208,"SVK",1.143696,0.840090,0.235217,
201209,"SVK",1.269968,0.736940,0.375682,
201210,"SVK",1.467471,0.832024,0.751281,
201211,"SVK",1.249194,0.775670,1.254642,
201212,"SVK",1.157746,0.767761,1.636449,
201301,"SVK",1.227655,0.657219,1.841424,
201302,"SVK",1.256878,0.683667,1.506491,
201303,"SVK",1.396175,0.704455,1.435304,
201304,"SVK",1.190351,0.696439,0.798848,
201305,"SVK",1.130537,0.745501,0.399259,
201306,"SVK",0.989033,0.655485,0.400857,
201307,"SVK",1.047634,0.825448,0.212575,
201308,"SVK",0.987729,0.775766,0.283010,
201309,"SVK",1.156627,0.779916,0.328730,
201310,"SVK",1.199290,0.818044,0.596610,
201311,"SVK",1.287602,0.823449,1.316706,
201312,"SVK",1.283458,0.707944,1.362190,
201401,"SVK",1.252327,0.672430,1.627154,
201402,"SVK",1.115015,0.644561,1.441732,
201403,"SVK",1.085730,0.716470,0.990487,
201404,"SVK",1.132902,0.750068,0.279605,
201405,"SVK",1.244590,0.665687,0.068385,
201406,"SVK",1.000978,0.751137,0.193845,
201407,"SVK",0.977767,0.770200,0.123399,
201408,"SVK",0.932992,0.782782,0.217582,
201409,"SVK",1.254265,0.772651,0.438934,
201410,"SVK",1.341384,0.739733,0.774790,
201411,"SVK",1.259861,0.733633,1.214372,
201412,"SVK",1.368059,0.752925,1.350611,
201501,"SVK",1.283106,0.577604,1.711707,
201502,"SVK",1.186588,0.754465,1.352586,
201503,"SVK",1.250656,0.890914,1.215699,
201504,"SVK",1.127328,0.885122,0.762090,
201505,"SVK",1.100379,0.778589,0.526022,
201506,"SVK",1.153632,0.895763,0.163005,
201507,"SVK",1.111446,0.722132,0.113714,
201508,"SVK",0.953838,0.822745,0.211498,
201509,"SVK",1.119279,0.850146,0.296646,
201510,"SVK",1.269647,0.757109,0.511290,
201511,"SVK",1.143476,0.824346,0.842195,
201512,"SVK",1.097273,0.775132,1.251007,
201601,"SVK",1.204701,0.729932,1.458991,
201602,"SVK",1.088310,0.769027,1.014668,
201603,"SVK",1.215465,0.783954,0.974905,
201604,"SVK",1.053404,0.765217,0.537366,
201605,"SVK",1.137821,0.825871,0.110127,
201606,"SVK",1.040529,0.961838,0.430210,
201607,"SVK",1.051958,0.862543,0.411641,
201608,"SVK",1.114328,0.897099,0.485571,
201609,"SVK",1.085216,0.876009,0.722711,
201610,"SVK",1.183498,0.795144,0.736527,
201611,"SVK",1.249125,0.781620,0.962377,
201612,"SVK",1.276474,0.851403,1.259632,
201701,"SVK",1.365362,0.743116,1.472206,
201702,"SVK",1.140208,0.681662,1.109425,
201703,"SVK",1.080488,0.925905,0.885208,
201704,"SVK",1.082082,0.764437,0.792883,
201705,"SVK",1.122429,0.786553,0.480466,
201706,"SVK",1.015592,0.874117,0.366040,
201707,"SVK",1.068797,0.840899,0.407696,
201708,"SVK",1.180534,0.935075,0.483725,
201709,"SVK",1.156637,0.838668,0.511835,
201710,"SVK",1.329477,0.937501,0.796906,
201711,"SVK",1.298743,0.850097,1.057432,
201712,"SVK",1.317945,0.833978,1.278136,
201801,"SVK",1.200265,0.712167,1.282688,
201802,"SVK",1.124652,0.734371,1.200509,
201803,"SVK",1.216491,0.817059,1.271306,
201804,"SVK",1.178255,0.829142,0.602276,
201805,"SVK",1.196294,0.928275,0.446534,
201806,"SVK",1.124085,0.902602,0.388078,
201807,"SVK",1.045117,0.882919,0.406535,
201808,"SVK",1.000848,0.900149,0.397333,
201809,"SVK",1.062921,0.807868,0.446906,
201810,"SVK",1.326360,0.955664,0.773656,
201811,"SVK",1.337906,0.864040,0.980779,
201812,"SVK",1.282166,0.792543,1.384335,
201901,"SVK",1.207666,0.797763,1.500792,
201902,"SVK",1.066976,0.766049,1.115196,
201903,"SVK",1.123971,0.890416,0.988622,
201904,"SVK",1.081480,0.858893,0.666286,
201905,"SVK",1.046966,0.867083,0.626889,
201906,"SVK",0.931637,0.894528,0.331125,
201907,"SVK",1.015821,0.912119,0.439967,
201908,"SVK",0.755604,0.922680,0.404197,
201909,"SVK",0.844869,0.882551,0.513550,
201910,"SVK",0.901249,0.897680,0.766595,
201911,"SVK",0.795033,0.781131,0.966087,
201912,"SVK",0.903028,0.747166,1.258683,
202001,"SVK",1.045426,0.770667,1.360322,
202002,"SVK",0.954994,0.777293,1.081859,
202003,"SVK",0.960572,0.720649,1.013096,
202004,"SVK",0.686059,0.635004,0.642065,
202005,"SVK",0.639501,0.726705,0.540513,
202006,"SVK",0.648182,0.809819,0.467168,
202007,"SVK",0.722249,0.889473,0.430010,
202008,"SVK",0.718278,0.883092,0.406111,
202009,"SVK",0.797787,0.870668,0.498466,
202010,"SVK",0.862088,0.842800,0.774372,
202011,"SVK",0.897437,0.806736,1.061510,
202012,"SVK",0.921208,0.775006,1.216882,
202101,"SVK",1.020836,0.631083,1.401874,
202102,"SVK",0.991986,0.660059,1.272334,
202103,"SVK",1.038250,0.791322,1.201682,
202104,"SVK",0.959283,0.811355,0.940224,
202105,"SVK",1.032885,0.856659,0.630780,
202106,"SVK",0.958171,0.916374,0.460677,
202107,"SVK",1.068467,0.985524,0.460650,
202108,"SVK",0.929927,0.916994,0.434597,
202109,"SVK",1.021004,0.905664,0.524243,
202110,"SVK",1.025773,0.929293,0.843716,
202111,"SVK",1.079926,0.931161,1.107133,
202112,"SVK",0.949790,0.791350,1.333099,
202201,"SVK",1.000078,0.717696,1.397459,
202202,"SVK",0.946904,0.704701,1.096014,
202203,"SVK",0.879106,0.968003,1.044859,
202204,"SVK",0.921264,0.869833,0.800830,
202205,"SVK",0.950833,0.946559,0.445669,
202206,"SVK",0.846476,0.880566,0.379491,
202207,"SVK",0.762997,0.800765,0.375537,
202208,"SVK",0.797430,0.878190,0.303481,
202209,"SVK",0.669733,0.898667,0.372330,
202210,"SVK",0.658000,0.949079,0.619210,
202211,"SVK",0.792913,0.867633,0.890888,
202212,"SVK",0.700037,0.861449,1.160625,
202301,"SVK",0.871980,0.846732,1.070794,
202302,"SVK",0.968925,0.764635,1.064255,
202303,"SVK",0.958925,0.850977,0.924655,
202304,"SVK",0.936632,0.775396,0.743923,
202305,"SVK",0.875943,0.877869,0.537406,
202306,"SVK",0.808069,0.852003,0.398554,
202307,"SVK",0.745785,0.908282,0.371484,
202308,"SVK",0.693910,0.905850,0.301164,
202309,"SVK",0.805661,0.817135,0.304115,
202310,"SVK",0.894669,0.915487,0.575631,
202311,"SVK",0.853891,0.838863,0.935819,
202312,"SVK",0.737306,0.749262,1.175534,
202401,"SVK",0.920110,0.728844,1.287815,
202402,"SVK",0.876449,0.645040,0.903134,
202403,"SVK",0.673945,0.726601,0.845107,
202404,"SVK",0.619215,0.881376,0.638970,
202405,"SVK",0.644288,0.881410,0.409380,
202406,"SVK",0.729457,0.813494,0.368418,
202407,"SVK",0.745611,0.952648,0.376014,
202408,"SVK",0.598735,0.942841,0.380468,
202409,"SVK",0.594337,0.776776,0.438838,
202410,"SVK",0.576336,0.835041,0.701587,
202411,"SVK",0.546953,0.843824,1.072270,
202412,"SVK",0.777581,0.838825,1.201619,
202501,"SVK",0.654434,0.746638,1.230668,
202502,"SVK",0.614672,0.758834,1.073249,
202503,"SVK",0.791890,0.812128,0.892382,
202504,"SVK",0.790188,0.876401,0.660823,
202505,"SVK",0.635584,0.878825,0.469236,
202506,"SVK",0.527388,0.883136,0.324891,
202507,"SVK",0.530010,0.962244,0.381714,
202508,"SVK",0.553220,0.893109,0.390903,
202509,"SVK",0.593161,0.904390,0.464171,
202510,"SVK",0.579661,0.927238,0.803233,
202511,"SVK",0.526013,0.859450,1.055338,
202512,"SVK",0.508882,0.828300,1.173832,
202601,"SVK",0.656801,0.799170,1.380082,
202602,"SVK",0.598320,0.756742,1.115129,
202603,"SVK",0.581406,0.911250,0.877794,
202604,"SVK",0.611680,0.873143,0.669142,
202605,"SVK",0.582948,0.829787,0.468771,
202606,"SVK",0.578608,0.917994,0.383384,
202607,"SVK",,,0.384544,
202608,"SVK",,,0.383480,
202609,"SVK",,,,
202610,"SVK",,,,
202611,"SVK",,,,
202612,"SVK",,,,
200801,"SVN",0.687235,0.731117,0.219591,
200802,"SVN",0.668768,0.708942,0.199484,
200803,"SVN",0.486736,0.683275,0.197647,
200804,"SVN",0.596219,0.533867,0.161056,
200805,"SVN",0.431335,0.823638,0.140900,
200806,"SVN",0.371977,0.620730,0.129928,
200807,"SVN",0.519713,0.684411,0.100636,
200808,"SVN",0.472226,0.695917,0.095174,
200809,"SVN",0.674044,0.882866,0.146410,
200810,"SVN",0.742635,0.868068,0.168355,
200811,"SVN",0.556647,0.793020,0.155546,
200812,"SVN",0.472226,0.764406,0.162893,
200901,"SVN",0.746497,0.769591,0.188272,
200902,"SVN",0.541146,0.627527,0.168336,
200903,"SVN",0.566976,0.709372,0.150264,
200904,"SVN",0.484319,0.620677,0.095953,
200905,"SVN",0.404245,0.601984,0.106806,
200906,"SVN",0.448157,0.534841,0.110439,
200907,"SVN",0.503692,0.582339,0.117658,
200908,"SVN",0.285425,0.557052,0.119475,
200909,"SVN",0.404245,0.643285,0.133961,
200910,"SVN",0.688379,0.719386,0.173786,
200911,"SVN",0.537271,0.570450,0.195492,
200912,"SVN",0.530814,0.639941,0.224464,
201001,"SVN",0.652520,0.644008,0.240981,
201002,"SVN",0.523421,0.594396,0.211312,
201003,"SVN",0.587019,0.664868,0.203919,
201004,"SVN",0.539956,0.640898,0.144579,
201005,"SVN",0.419120,0.256154,0.129744,
201006,"SVN",0.456637,0.671316,0.118630,
201007,"SVN",0.438199,0.607711,0.098263,
201008,"SVN",0.387950,0.632120,0.083428,
201009,"SVN",0.466812,0.722133,0.109475,
201010,"SVN",0.700224,0.779115,0.152119,
201011,"SVN",0.658249,0.718889,0.165093,
201012,"SVN",0.453463,0.698313,0.224384,
201101,"SVN",0.688806,0.610800,0.221996,
201102,"SVN",0.473944,0.618697,0.203373,
201103,"SVN",0.611705,0.666888,0.192966,
201104,"SVN",0.490526,0.588884,0.120282,
201105,"SVN",0.437519,0.615683,0.114038,
201106,"SVN",0.397410,0.627451,0.093334,
201107,"SVN",0.409457,0.650502,0.087089,
201108,"SVN",0.508384,0.500131,0.091252,
201109,"SVN",0.576556,0.716150,0.099523,
201110,"SVN",0.673499,0.758464,0.155556,
201111,"SVN",0.593139,0.660714,0.188694,
201112,"SVN",0.465582,0.647318,0.182504,
201201,"SVN",0.700463,0.680619,0.216064,
201202,"SVN",0.529947,0.635763,0.237267,
201203,"SVN",0.502959,0.658454,0.154635,
201204,"SVN",0.387647,0.646073,0.129235,
201205,"SVN",0.552028,0.614357,0.097458,
201206,"SVN",0.397460,0.610954,0.088954,
201207,"SVN",0.440421,0.520521,0.093206,
201208,"SVN",0.508684,0.661676,0.103780,
201209,"SVN",0.488238,0.623922,0.101654,
201210,"SVN",0.478425,0.676979,0.127109,
201211,"SVN",0.637900,0.567327,0.152509,
201212,"SVN",0.368019,0.570065,0.182160,
201301,"SVN",0.562465,0.585698,0.214012,
201302,"SVN",0.466251,0.537640,0.195992,
201303,"SVN",0.445027,0.566811,0.199931,
201304,"SVN",0.290800,0.525783,0.131204,
201305,"SVN",0.330418,0.647032,0.100764,
201306,"SVN",0.413899,0.597749,0.085249,
201307,"SVN",0.628967,0.605014,0.084097,
201308,"SVN",0.505127,0.516946,0.081439,
201309,"SVN",0.561050,0.591358,0.097994,
201310,"SVN",0.540500,0.675075,0.110069,
201311,"SVN",0.469754,0.666689,0.156337,
201312,"SVN",0.526351,0.587074,0.189183,
201401,"SVN",0.439663,0.542392,0.175275,
201402,"SVN",0.399040,0.551815,0.164947,
201403,"SVN",0.427442,0.538637,0.143932,
201404,"SVN",0.320377,0.587863,0.114686,
201405,"SVN",0.419782,0.545186,0.098733,
201406,"SVN",0.408422,0.541958,0.084723,
201407,"SVN",0.419782,0.597279,0.086308,
201408,"SVN",0.372059,0.613627,0.080684,
201409,"SVN",0.348779,0.626758,0.090757,
201410,"SVN",0.403300,0.640173,0.114430,
201411,"SVN",0.249933,0.574739,0.149812,
201412,"SVN",0.296795,0.584286,0.186524,
201501,"SVN",0.391486,0.560797,0.199969,
201502,"SVN",0.346427,0.547713,0.185168,
201503,"SVN",0.375108,0.584481,0.168311,
201504,"SVN",0.402958,0.584752,0.124730,
201505,"SVN",0.279633,0.567645,0.095077,
201506,"SVN",0.352163,0.567771,0.088087,
201507,"SVN",0.553530,0.611250,0.087470,
201508,"SVN",0.362806,0.617936,0.079093,
201509,"SVN",0.413826,0.648998,0.095488,
201510,"SVN",0.344993,0.622189,0.129047,
201511,"SVN",0.349295,0.476639,0.154127,
201512,"SVN",0.443111,0.482047,0.180234,
201601,"SVN",0.377432,0.583555,0.211463,
201602,"SVN",0.318798,0.620312,0.171811,
201603,"SVN",0.351047,0.567045,0.171507,
201604,"SVN",0.261630,0.576933,0.121335,
201605,"SVN",0.310003,0.580140,0.107679,
201606,"SVN",0.377432,0.573357,0.094630,
201607,"SVN",0.551869,0.583367,0.091241,
201608,"SVN",0.397954,0.655757,0.090382,
201609,"SVN",0.472006,0.620105,0.097159,
201610,"SVN",0.549697,0.673004,0.142628,
201611,"SVN",0.397247,0.573829,0.173531,
201612,"SVN",0.598777,0.632367,0.215510,
201701,"SVN",0.576147,0.516151,0.264113,
201702,"SVN",0.448034,0.576661,0.189525,
201703,"SVN",0.460267,0.618850,0.161649,
201704,"SVN",0.348674,0.587109,0.127208,
201705,"SVN",0.342782,0.611846,0.107160,
201706,"SVN",0.303085,0.598185,0.095444,
201707,"SVN",0.460892,0.629149,0.092465,
201708,"SVN",0.448363,0.632272,0.093828,
201709,"SVN",0.331962,0.667895,0.112109,
201710,"SVN",0.382876,0.671537,0.138268,
201711,"SVN",0.409339,0.611805,0.182000,
201712,"SVN",0.394285,0.590451,0.204978,
201801,"SVN",0.395701,0.657919,0.200144,
201802,"SVN",0.492042,0.549561,0.214174,
201803,"SVN",0.487069,0.670577,0.204922,
201804,"SVN",0.327875,0.577343,0.119483,
201805,"SVN",0.195287,0.598052,0.108420,
201806,"SVN",0.180608,0.591299,0.097859,
201807,"SVN",0.377626,0.647151,0.094339,
201808,"SVN",0.443143,0.587114,0.088908,
201809,"SVN",0.442140,0.637141,0.102637,
201810,"SVN",0.526547,0.657809,0.135374,
201811,"SVN",0.509584,0.545805,0.163434,
201812,"SVN",0.414470,0.632875,0.202307,
201901,"SVN",0.477468,0.607257,0.231706,
201902,"SVN",0.390085,0.525964,0.185284,
201903,"SVN",0.320750,0.579289,0.171086,
201904,"SVN",0.275055,0.582072,0.139165,
201905,"SVN",0.314785,0.561199,0.130807,
201906,"SVN",0.320450,0.600112,0.095462,
201907,"SVN",0.456480,0.606512,0.094858,
201908,"SVN",0.324932,0.606402,0.106941,
201909,"SVN",0.312939,0.642533,0.110063,
201910,"SVN",0.532712,0.617548,0.139416,
201911,"SVN",0.368802,0.550666,0.164138,
201912,"SVN",0.435780,0.575066,0.192434,
202001,"SVN",0.337400,0.552500,0.225799,
202002,"SVN",0.333082,0.494235,0.180105,
202003,"SVN",0.278959,0.463404,0.179853,
202004,"SVN",0.226552,0.341279,0.125696,
202005,"SVN",0.199236,0.601829,0.104516,
202006,"SVN",0.324639,0.542189,0.087931,
202007,"SVN",0.422841,0.561728,0.100909,
202008,"SVN",0.370479,0.521251,0.096013,
202009,"SVN",0.353001,0.575631,0.110973,
202010,"SVN",0.547267,0.521744,0.148734,
202011,"SVN",0.516022,0.413565,0.198030,
202012,"SVN",0.481669,0.426618,0.204218,
202101,"SVN",0.429623,0.441475,0.220758,
202102,"SVN",0.325890,0.455638,0.190488,
202103,"SVN",0.391997,0.539637,0.193926,
202104,"SVN",0.327179,0.495504,0.168491,
202105,"SVN",0.231240,0.506302,0.130509,
202106,"SVN",0.168843,0.553642,0.105191,
202107,"SVN",0.213239,0.587477,0.094825,
202108,"SVN",0.377679,0.597546,0.093378,
202109,"SVN",0.294795,0.615212,0.102109,
202110,"SVN",0.357947,0.625626,0.154962,
202111,"SVN",0.374997,0.526451,0.185379,
202112,"SVN",0.496969,0.584357,0.217636,
202201,"SVN",0.398936,0.478514,0.228867,
202202,"SVN",0.338160,0.481604,0.182183,
202203,"SVN",0.444807,0.672296,0.189514,
202204,"SVN",0.383123,0.640797,0.142799,
202205,"SVN",0.256729,0.529061,0.104675,
202206,"SVN",0.192760,0.665386,0.096106,
202207,"SVN",0.284107,0.601684,0.091955,
202208,"SVN",0.287774,0.634491,0.083617,
202209,"SVN",0.237747,0.606113,0.096910,
202210,"SVN",0.147574,0.660411,0.112852,
202211,"SVN",0.048357,0.555089,0.159525,
202212,"SVN",0.222002,0.605560,0.181065,
202301,"SVN",0.233731,0.617304,0.189773,
202302,"SVN",0.300108,0.532301,0.175666,
202303,"SVN",0.305942,0.617749,0.156686,
202304,"SVN",0.221430,0.545041,0.138537,
202305,"SVN",0.109408,0.559058,0.117977,
202306,"SVN",0.300201,0.575212,0.100923,
202307,"SVN",0.308336,0.493163,0.088816,
202308,"SVN",0.335296,0.551980,0.080680,
202309,"SVN",0.275786,0.579932,0.091716,
202310,"SVN",0.354443,0.518091,0.116763,
202311,"SVN",0.235773,0.508521,0.165439,
202312,"SVN",0.120173,0.535123,0.193908,
202401,"SVN",0.346365,0.580178,0.219659,
202402,"SVN",0.332468,0.515444,0.167513,
202403,"SVN",0.297566,0.565186,0.163920,
202404,"SVN",0.193665,0.609066,0.144120,
202405,"SVN",0.083432,0.601835,0.122588,
202406,"SVN",0.251235,0.601889,0.103213,
202407,"SVN",0.252930,0.606097,0.097980,
202408,"SVN",0.276588,0.608188,0.097036,
202409,"SVN",0.228227,0.573119,0.108663,
202410,"SVN",0.306855,0.564932,0.119995,
202411,"SVN",0.434473,0.587527,0.179786,
202412,"SVN",0.362427,0.546585,0.209177,
202501,"SVN",0.348619,0.485039,0.215512,
202502,"SVN",0.339525,0.536524,0.193427,
202503,"SVN",0.328226,0.610265,0.173594,
202504,"SVN",0.167580,0.645812,0.124241,
202505,"SVN",0.006444,0.620904,0.132937,
202506,"SVN",0.005442,0.646774,0.115739,
202507,"SVN",0.019010,0.634817,0.113540,
202508,"SVN",0.004771,0.587681,0.105558,
202509,"SVN",0.006338,0.653698,0.119155,
202510,"SVN",0.261781,0.701575,0.177223,
202511,"SVN",0.262354,0.617492,0.203695,
202512,"SVN",0.288996,0.609312,0.216708,
202601,"SVN",0.285684,0.496429,0.255717,
202602,"SVN",0.226665,0.540100,0.192330,
202603,"SVN",0.220578,0.837859,0.182712,
202604,"SVN",0.079654,0.731522,0.153964,
202605,"SVN",0.005935,0.613377,0.126503,
202606,"SVN",0.006433,0.620622,0.106653,
202607,"SVN",,,0.103939,
202608,"SVN",,,,
202609,"SVN",,,,
202610,"SVN",,,,
202611,"SVN",,,,
202612,"SVN",,,,
200801,"SWE",0.535091,2.898439,0.253338,
200802,"SWE",0.700583,3.065712,0.222602,
200803,"SWE",0.503666,2.835041,0.227725,
200804,"SWE",0.632924,3.147564,0.149799,
200805,"SWE",0.458289,3.114252,0.099452,
200806,"SWE",1.382211,2.950871,0.102712,
200807,"SWE",0.515826,2.874561,0.085688,
200808,"SWE",0.938306,3.005736,0.106437,
200809,"SWE",0.977316,3.139137,0.117614,
200810,"SWE",1.553680,3.143085,0.160303,
200811,"SWE",1.230810,2.897123,0.211995,
200812,"SWE",0.904874,3.224862,0.249509,
200901,"SWE",0.627091,2.969513,0.305116,
200902,"SWE",0.785678,2.769618,0.277942,
200903,"SWE",0.573120,3.015335,0.259065,
200904,"SWE",0.484919,2.791863,0.148186,
200905,"SWE",0.408575,2.787240,0.133383,
200906,"SWE",0.875696,2.991589,0.125086,
200907,"SWE",0.356532,2.749406,0.125881,
200908,"SWE",0.321556,3.265453,0.117486,
200909,"SWE",0.264220,3.179516,0.159016,
200910,"SWE",0.568794,3.105961,0.250322,
200911,"SWE",1.189639,2.704554,0.265871,
200912,"SWE",0.908881,3.015770,0.400843,
201001,"SWE",0.792596,2.757713,0.458142,
201002,"SWE",0.624261,2.887303,0.399454,
201003,"SWE",0.887997,3.119956,0.367599,
201004,"SWE",0.674116,2.581081,0.279417,
201005,"SWE",0.479986,4.892011,0.195657,
201006,"SWE",0.964498,2.860230,0.174906,
201007,"SWE",1.004171,2.722681,0.170635,
201008,"SWE",1.126029,2.874393,0.091297,
201009,"SWE",0.935787,2.974577,0.191336,
201010,"SWE",1.300902,2.966230,0.308057,
201011,"SWE",0.907042,2.920750,0.377598,
201012,"SWE",0.613710,3.550820,0.519693,
201101,"SWE",0.438516,3.140676,0.409973,
201102,"SWE",0.975259,2.896661,0.392734,
201103,"SWE",0.423017,3.059268,0.384376,
201104,"SWE",0.477475,2.978747,0.229173,
201105,"SWE",0.363261,2.910574,0.210158,
201106,"SWE",1.116985,2.821038,0.113725,
201107,"SWE",0.852145,2.685917,0.091941,
201108,"SWE",1.010358,2.915000,0.119784,
201109,"SWE",0.812550,2.849371,0.141777,
201110,"SWE",1.252689,2.945985,0.156561,
201111,"SWE",0.897463,2.769853,0.264801,
201112,"SWE",0.846909,2.759863,0.283502,
201201,"SWE",0.694315,2.623240,0.350167,
201202,"SWE",0.564004,2.893498,0.359619,
201203,"SWE",0.574548,2.704074,0.229689,
201204,"SWE",0.673791,2.635262,0.158544,
201205,"SWE",0.372239,2.874781,0.116896,
201206,"SWE",0.935515,2.656982,0.110456,
201207,"SWE",0.698832,2.751533,0.095916,
201208,"SWE",0.962700,3.050548,0.102770,
201209,"SWE",0.693599,2.744591,0.119336,
201210,"SWE",0.866074,2.897253,0.167839,
201211,"SWE",0.768949,2.708965,0.204035,
201212,"SWE",0.832012,2.803671,0.414100,
201301,"SWE",0.739899,2.588927,0.394866,
201302,"SWE",0.603428,2.474417,0.349784,
201303,"SWE",0.566541,2.485068,0.367762,
201304,"SWE",0.536778,2.544669,0.192351,
201305,"SWE",0.631138,3.427109,0.102733,
201306,"SWE",0.796549,2.784705,0.100547,
201307,"SWE",0.750404,2.777153,0.084317,
201308,"SWE",0.744898,2.843908,0.096285,
201309,"SWE",0.743739,2.475793,0.144700,
201310,"SWE",0.694618,2.703744,0.146941,
201311,"SWE",0.828617,2.424294,0.213772,
201312,"SWE",1.099337,2.300594,0.238745,
201401,"SWE",0.651936,2.444696,0.351862,
201402,"SWE",0.507091,2.277732,0.263579,
201403,"SWE",0.692549,2.517525,0.177027,
201404,"SWE",0.574866,2.640644,0.147907,
201405,"SWE",0.691404,2.656253,0.118152,
201406,"SWE",1.009245,2.691145,0.114923,
201407,"SWE",0.805795,2.606131,0.108580,
201408,"SWE",0.445222,2.733780,0.112790,
201409,"SWE",0.541285,2.716965,0.116538,
201410,"SWE",1.004244,2.681390,0.164110,
201411,"SWE",0.736141,2.401652,0.192999,
201412,"SWE",0.624903,2.561817,0.261561,
201501,"SWE",0.521979,2.440967,0.310696,
201502,"SWE",0.618446,2.261316,0.289467,
201503,"SWE",0.748474,2.649064,0.195599,
201504,"SWE",0.652731,2.635599,0.132214,
201505,"SWE",0.729300,2.520987,0.123141,
201506,"SWE",0.695533,2.825946,0.103424,
201507,"SWE",0.674544,2.626546,0.087759,
201508,"SWE",0.864260,2.806445,0.092961,
201509,"SWE",0.739260,2.522506,0.095441,
201510,"SWE",0.501110,2.599260,0.148544,
201511,"SWE",0.556776,2.435048,0.204308,
201512,"SWE",0.714137,2.729860,0.251242,
201601,"SWE",0.447427,2.355077,0.398998,
201602,"SWE",0.518137,2.418281,0.299171,
201603,"SWE",0.490217,2.633461,0.243042,
201604,"SWE",0.409861,2.391180,0.137554,
201605,"SWE",0.441534,2.585180,0.111151,
201606,"SWE",0.625165,2.587963,0.098595,
201607,"SWE",1.087165,2.426658,0.091148,
201608,"SWE",0.843884,2.804776,0.110228,
201609,"SWE",0.448643,2.683459,0.132753,
201610,"SWE",0.843863,2.662114,0.163526,
201611,"SWE",1.009981,2.688673,0.269999,
201612,"SWE",0.855394,2.499798,0.284031,
201701,"SWE",0.351455,2.327466,0.160389,
201702,"SWE",0.325581,2.253664,0.145422,
201703,"SWE",0.611462,2.591950,0.702686,
201704,"SWE",0.649005,2.336623,0.090894,
201705,"SWE",0.333349,2.672093,0.083495,
201706,"SWE",0.946055,2.591429,0.071723,
201707,"SWE",0.375672,2.507203,0.062726,
201708,"SWE",0.962125,2.696680,0.080090,
201709,"SWE",1.115855,2.633666,0.083369,
201710,"SWE",0.779574,2.567224,0.110906,
201711,"SWE",1.375171,2.466007,0.139999,
201712,"SWE",0.483126,2.331685,0.156059,
201801,"SWE",0.885431,1.997052,0.190182,
201802,"SWE",0.777331,2.710919,0.255166,
201803,"SWE",0.885431,2.811657,0.229812,
201804,"SWE",0.598846,2.819407,0.162900,
201805,"SWE",0.638263,2.540196,0.124189,
201806,"SWE",0.592894,2.466398,0.074794,
201807,"SWE",0.524010,2.435466,0.105754,
201808,"SWE",0.568024,2.399712,0.137151,
201809,"SWE",0.454104,2.246476,0.106936,
201810,"SWE",0.737731,2.484834,0.151077,
201811,"SWE",0.622257,2.372545,0.213697,
201812,"SWE",0.804397,2.332558,0.213040,
201901,"SWE",0.823015,1.998703,0.218270,
201902,"SWE",0.813403,1.952856,0.169824,
201903,"SWE",0.905697,2.193093,0.211997,
201904,"SWE",0.524385,2.900343,0.170552,
201905,"SWE",0.640015,2.403773,0.170148,
201906,"SWE",0.667841,2.355076,0.109196,
201907,"SWE",0.604326,3.078401,0.151409,
201908,"SWE",0.617016,2.714873,0.129958,
201909,"SWE",0.523081,2.683758,0.116805,
201910,"SWE",0.630916,2.344969,0.102680,
201911,"SWE",0.617610,2.238303,0.152097,
201912,"SWE",0.742860,1.972175,0.206857,
202001,"SWE",0.738196,2.150147,0.205400,
202002,"SWE",0.662965,2.114148,0.168232,
202003,"SWE",0.995512,2.345290,0.160691,
202004,"SWE",0.511921,2.107241,0.101222,
202005,"SWE",0.539007,2.172453,0.094049,
202006,"SWE",0.466598,2.036799,0.089444,
202007,"SWE",0.329959,2.456127,0.095585,
202008,"SWE",0.366622,2.308189,0.090317,
202009,"SWE",0.500863,2.492847,0.100949,
202010,"SWE",0.507044,2.261399,0.130977,
202011,"SWE",0.513155,2.048134,0.164070,
202012,"SWE",0.511511,2.048134,0.195407,
202101,"SWE",0.640749,2.022172,0.280316,
202102,"SWE",0.621955,2.148543,0.238465,
202103,"SWE",0.627742,2.259535,0.180341,
202104,"SWE",0.601159,2.231080,0.152873,
202105,"SWE",0.599022,2.369795,0.093117,
202106,"SWE",0.569465,2.436549,0.160917,
202107,"SWE",0.500184,2.614274,0.095341,
202108,"SWE",0.388906,2.423123,0.122261,
202109,"SWE",0.539206,2.297843,0.111427,
202110,"SWE",0.643404,2.405563,0.143622,
202111,"SWE",0.611482,2.290521,0.155104,
202112,"SWE",0.645725,2.365444,0.166397,
202201,"SWE",0.513442,1.946788,0.206592,
202202,"SWE",0.610269,1.979018,0.159284,
202203,"SWE",0.616852,2.314407,0.113120,
202204,"SWE",0.620104,1.919638,0.105787,
202205,"SWE",0.541947,2.096621,0.095517,
202206,"SWE",0.535064,2.044964,0.061254,
202207,"SWE",0.739260,2.095045,0.102397,
202208,"SWE",0.462080,2.447810,0.105160,
202209,"SWE",0.469967,2.388047,0.083799,
202210,"SWE",0.625878,2.069550,0.107482,
202211,"SWE",0.514086,2.319132,0.104482,
202212,"SWE",0.535844,2.485494,0.159182,
202301,"SWE",0.581875,1.983134,0.132693,
202302,"SWE",0.551903,1.940903,0.115141,
202303,"SWE",0.561266,2.320063,0.146370,
202304,"SWE",0.560154,2.139019,0.083002,
202305,"SWE",0.550390,2.503389,0.091216,
202306,"SWE",0.595948,2.252179,0.090609,
202307,"SWE",0.564716,2.124578,0.083390,
202308,"SWE",0.515603,2.346351,0.088382,
202309,"SWE",0.462948,2.062243,0.111408,
202310,"SWE",0.503069,2.073559,0.109808,
202311,"SWE",0.549813,2.067042,0.141453,
202312,"SWE",0.521900,2.037337,0.156683,
202401,"SWE",0.581302,2.547425,0.225071,
202402,"SWE",0.546308,2.277701,0.159592,
202403,"SWE",0.559348,2.541830,0.126993,
202404,"SWE",0.542789,2.548348,0.143059,
202405,"SWE",0.540401,2.726935,0.106644,
202406,"SWE",0.461873,2.371794,0.091834,
202407,"SWE",0.468551,2.586435,0.092648,
202408,"SWE",0.353649,2.707919,0.109911,
202409,"SWE",0.432274,2.461810,0.106410,
202410,"SWE",0.438567,2.358955,0.087930,
202411,"SWE",0.501116,2.430764,0.142657,
202412,"SWE",0.517095,2.250360,0.130508,
202501,"SWE",0.577737,2.495906,0.144643,
202502,"SWE",0.471084,2.341781,0.143764,
202503,"SWE",0.493756,2.559836,0.096810,
202504,"SWE",0.487911,2.478975,0.101294,
202505,"SWE",0.523309,2.757822,0.084392,
202506,"SWE",0.499710,2.578503,0.099131,
202507,"SWE",0.462650,2.535117,0.089730,
202508,"SWE",0.490860,2.477683,0.115235,
202509,"SWE",0.435367,2.574353,0.080808,
202510,"SWE",0.429564,2.482619,0.119739,
202511,"SWE",0.493907,2.372303,0.165157,
202512,"SWE",0.531148,2.300526,0.134542,
202601,"SWE",0.552868,2.453420,0.147610,
202602,"SWE",0.499086,2.429674,0.177612,
202603,"SWE",0.488085,2.665885,0.129415,
202604,"SWE",0.498075,2.369509,0.090571,
202605,"SWE",0.411782,2.363530,0.098846,
202606,"SWE",0.530040,2.383404,0.086383,
202607,"SWE",,,0.075974,
202608,"SWE",,,0.088517,
202609,"SWE",,,,
202610,"SWE",,,,
202611,"SWE",,,,
202612,"SWE",,,,
200801,"TUR",,,7.002030,
200802,"TUR",,,7.090463,
200803,"TUR",,,7.121423,
200804,"TUR",,,5.794420,
200805,"TUR",,,5.777093,
200806,"TUR",,,5.404733,
200807,"TUR",,,4.559346,
200808,"TUR",,,5.530867,
200809,"TUR",,,5.520531,
200810,"TUR",,,5.663343,
200811,"TUR",,,6.007689,
200812,"TUR",,,6.077747,
200901,"TUR",,,6.191482,
200902,"TUR",,,5.584476,
200903,"TUR",,,5.851263,
200904,"TUR",,,4.461293,
200905,"TUR",,,4.561069,
200906,"TUR",,,4.790864,
200907,"TUR",,,5.077097,
200908,"TUR",,,5.436961,
200909,"TUR",,,4.812459,
200910,"TUR",,,5.034657,
200911,"TUR",,,6.217976,
200912,"TUR",,,7.405895,
201001,"TUR",,,7.638296,
201002,"TUR",,,6.300732,
201003,"TUR",,,6.595339,
201004,"TUR",,,5.615736,
201005,"TUR",,,4.919631,
201006,"TUR",,,4.753686,
201007,"TUR",,,5.418915,
201008,"TUR",,,5.758611,
201009,"TUR",,,5.256374,
201010,"TUR",,,6.490548,
201011,"TUR",,,5.885571,
201012,"TUR",,,8.440895,
201101,"TUR",,,9.367415,
201102,"TUR",,,8.472980,
201103,"TUR",,,8.402155,
201104,"TUR",,,6.929145,
201105,"TUR",,,5.199788,
201106,"TUR",,,4.877050,
201107,"TUR",,,5.987374,
201108,"TUR",,,6.025385,
201109,"TUR",,,5.995170,
201110,"TUR",,,7.190281,
201111,"TUR",,,8.908733,
201112,"TUR",,,9.898960,
201201,"TUR",,,10.036635,
201202,"TUR",,,9.169229,
201203,"TUR",,,8.860555,
201204,"TUR",,,5.507614,
201205,"TUR",,,5.187646,
201206,"TUR",,,5.394878,
201207,"TUR",,,6.614084,
201208,"TUR",,,6.035663,
201209,"TUR",,,6.423442,
201210,"TUR",,,6.053703,
201211,"TUR",,,7.568440,
201212,"TUR",,,9.769937,
201301,"TUR",,6.313986,9.716824,
201302,"TUR",,6.176120,7.993616,
201303,"TUR",,5.610739,7.923608,
201304,"TUR",,7.467489,6.393534,
201305,"TUR",,7.848625,5.840068,
201306,"TUR",,7.388628,5.767112,
201307,"TUR",,7.778482,6.144784,
201308,"TUR",,7.754269,5.800342,
201309,"TUR",,7.578105,6.194004,
201310,"TUR",,6.982769,6.734927,
201311,"TUR",,6.988941,8.237169,
201312,"TUR",,7.698346,10.611783,
201401,"TUR",,6.810357,9.816771,
201402,"TUR",,6.249089,8.737049,
201403,"TUR",,7.541596,8.675765,
201404,"TUR",,7.451349,6.955908,
201405,"TUR",,7.770023,6.637090,
201406,"TUR",,8.905663,6.252589,
201407,"TUR",,8.605069,6.723018,
201408,"TUR",,8.557245,6.707822,
201409,"TUR",,8.531772,6.866181,
201410,"TUR",,8.154874,6.080784,
201411,"TUR",,7.586559,9.440968,
201412,"TUR",,8.150744,10.169480,
201501,"TUR",,7.930880,10.459421,
201502,"TUR",,7.158896,9.827741,
201503,"TUR",,8.660235,8.574305,
201504,"TUR",,8.770382,7.289146,
201505,"TUR",,9.495866,5.808144,
201506,"TUR",,9.575215,5.625281,
201507,"TUR",,10.222615,5.574215,
201508,"TUR",,10.445779,6.545563,
201509,"TUR",,9.702694,5.761840,
201510,"TUR",,9.705597,6.563253,
201511,"TUR",,8.132195,8.222208,
201512,"TUR",,9.041551,11.208215,
201601,"TUR",,7.839342,11.125983,
201602,"TUR",,7.905653,8.476407,
201603,"TUR",,9.322907,8.005510,
201604,"TUR",,9.567463,6.157101,
201605,"TUR",,10.427816,5.494858,
201606,"TUR",,9.908590,5.434367,
201607,"TUR",,9.740398,5.517310,
201608,"TUR",,11.174099,6.691848,
201609,"TUR",,10.657591,4.673243,
201610,"TUR",,10.561654,6.486419,
201611,"TUR",,9.633853,9.367885,
201612,"TUR",,9.835221,11.743172,
201701,"TUR",14.057632,8.537968,12.222695,
201702,"TUR",12.975566,7.720211,10.568266,
201703,"TUR",11.746775,9.779132,9.592769,
201704,"TUR",9.904172,9.375560,8.007774,
201705,"TUR",9.760676,10.847892,6.025492,
201706,"TUR",12.067610,10.999294,5.895232,
201707,"TUR",14.300660,11.893018,7.547660,
201708,"TUR",14.994059,12.041364,6.836287,
201709,"TUR",13.738874,11.429642,6.629734,
201710,"TUR",16.411056,11.384502,7.319430,
201711,"TUR",15.625203,9.566796,11.328949,
201712,"TUR",14.262058,10.886393,10.790789,
201801,"TUR",14.035373,9.088751,12.393033,
201802,"TUR",12.990531,8.659563,10.115041,
201803,"TUR",12.782229,10.466185,8.739088,
201804,"TUR",11.935741,9.771685,6.687153,
201805,"TUR",13.173731,10.904905,6.192037,
201806,"TUR",13.337389,10.352606,4.664981,
201807,"TUR",14.257505,12.912575,6.983884,
201808,"TUR",13.810835,12.067021,5.617089,
201809,"TUR",14.431583,10.397270,6.232550,
201810,"TUR",15.302267,10.239634,7.009317,
201811,"TUR",14.470386,10.116504,8.022294,
201812,"TUR",13.575516,8.716362,11.981531,
201901,"TUR",13.572024,8.661576,11.345432,
201902,"TUR",13.230033,9.043522,8.983105,
201903,"TUR",12.689788,9.937235,8.940960,
201904,"TUR",10.728199,9.375107,6.867170,
201905,"TUR",11.031407,10.233644,4.708027,
201906,"TUR",11.368695,9.818593,3.968127,
201907,"TUR",15.113518,11.187664,5.553531,
201908,"TUR",14.604170,12.300267,4.833640,
201909,"TUR",15.814691,11.326567,4.782941,
201910,"TUR",15.926306,11.320422,5.365572,
201911,"TUR",16.509338,9.568296,7.252417,
201912,"TUR",15.525169,9.327557,10.566286,
202001,"TUR",13.337183,9.414778,12.565069,
202002,"TUR",12.181501,9.188144,10.378696,
202003,"TUR",11.758764,9.372075,7.794329,
202004,"TUR",8.304273,6.553435,4.997966,
202005,"TUR",8.416569,7.433857,3.560484,
202006,"TUR",12.547412,10.520271,4.624456,
202007,"TUR",14.264584,11.330412,5.184685,
202008,"TUR",14.576529,10.868960,5.243945,
202009,"TUR",14.767491,10.606109,6.130178,
202010,"TUR",14.317911,9.710469,6.613232,
202011,"TUR",15.002638,9.704185,10.022025,
202012,"TUR",15.441855,8.178879,11.739786,
202101,"TUR",14.054425,7.492172,12.252876,
202102,"TUR",12.848082,6.907344,10.583092,
202103,"TUR",13.003291,9.199020,12.295846,
202104,"TUR",11.822163,9.164568,8.319643,
202105,"TUR",11.848445,8.619462,6.034436,
202106,"TUR",12.687101,11.271717,7.054442,
202107,"TUR",13.141108,12.672157,7.111219,
202108,"TUR",14.433537,12.026281,7.965981,
202109,"TUR",14.124864,11.509417,7.628209,
202110,"TUR",12.183959,12.157284,8.802458,
202111,"TUR",14.597656,10.982056,9.993259,
202112,"TUR",15.256219,10.892320,12.388917,
202201,"TUR",14.428167,9.185279,13.211020,
202202,"TUR",13.230713,9.323056,11.362470,
202203,"TUR",12.338153,9.726374,12.868466,
202204,"TUR",11.490241,10.258813,6.836076,
202205,"TUR",10.938849,11.209728,5.656230,
202206,"TUR",12.315129,10.778334,5.453195,
202207,"TUR",12.649282,11.301412,5.123160,
202208,"TUR",14.112117,12.136941,6.492881,
202209,"TUR",13.659077,11.338782,5.794040,
202210,"TUR",14.012104,11.821366,6.052533,
202211,"TUR",13.732012,10.567207,4.950151,
202212,"TUR",15.331272,11.447083,10.678728,
202301,"TUR",12.599377,9.716338,12.348593,
202302,"TUR",10.657846,9.400963,11.680102,
202303,"TUR",11.194551,10.661518,8.936480,
202304,"TUR",8.933963,10.187543,7.131963,
202305,"TUR",9.847811,12.052592,6.270427,
202306,"TUR",11.585890,12.534040,3.924627,
202307,"TUR",13.717859,13.458007,5.388846,
202308,"TUR",14.544091,12.884338,6.412093,
202309,"TUR",13.624779,12.599985,5.574967,
202310,"TUR",13.526118,11.933316,6.137802,
202311,"TUR",13.638338,10.494758,8.228225,
202312,"TUR",14.303383,11.597499,11.060382,
202401,"TUR",14.017822,10.543984,12.694559,
202402,"TUR",13.069558,9.428711,9.613221,
202403,"TUR",12.594047,10.686029,10.404862,
202404,"TUR",9.752961,10.892162,5.016163,
202405,"TUR",11.651603,12.357598,5.782187,
202406,"TUR",11.976715,12.955631,4.661339,
202407,"TUR",14.613237,13.970360,6.620116,
202408,"TUR",14.420108,13.773746,5.690357,
202409,"TUR",13.952951,12.554703,5.406915,
202410,"TUR",14.431925,13.351701,6.848299,
202411,"TUR",14.541491,11.856102,11.093445,
202412,"TUR",14.671321,12.006915,14.166175,
202501,"TUR",13.959292,11.602872,13.562713,
202502,"TUR",12.666544,10.000837,14.681940,
202503,"TUR",11.957481,11.867261,10.474294,
202504,"TUR",10.457927,11.078188,8.671376,
202505,"TUR",11.422937,11.930724,5.999812,
202506,"TUR",11.555289,12.821315,4.726941,
202507,"TUR",13.912422,14.039965,6.270540,
202508,"TUR",15.173635,13.940096,6.443906,
202509,"TUR",14.629027,13.576355,6.055657,
202510,"TUR",14.813365,13.555310,6.630235,
202511,"TUR",14.828623,11.635187,10.156906,
202512,"TUR",15.550221,13.094833,14.297256,
202601,"TUR",14.915253,,16.320954,
202602,"TUR",12.546388,,9.968158,
202603,"TUR",12.125656,12.707386,11.884287,
202604,"TUR",10.441197,11.179400,8.897131,
202605,"TUR",8.140390,11.552098,5.994102,
202606,"TUR",10.925758,12.323718,4.610522,
202607,"TUR",,,4.853995,
202608,"TUR",,,,
202609,"TUR",,,,
202610,"TUR",,,,
202611,"TUR",,,,
202612,"TUR",,,,
