"Year","Hydro","Wind","Solar"
2022,0.161304,-0.204068,-0.001128
2023,-1.110047,0.091968,0.000915
2024,0.139239,-0.217307,0.006474
