"Year","Hydro","Wind","Solar"
2016,0,0,0
2017,0,0,0
2018,0,0,0
2019,0,0,0
2020,0,0,0
2021,9.189376,1.573300,0.082313
2022,0.161304,-0.204068,-0.001128
2023,-1.112331,0.089396,0.006106
2024,0.139200,-0.216924,0.006884
