"Year","Electricity generation","Residential: Stationary combustion"
2011,0,0.016598
2020,0.011062,0.026138
2021,0.008641,0.026138
2022,0.008641,0.026138
