"YYYYMM","Diesel","Petrol","Non-Plugin Hybrid","Plugin Hybrid","Battery Electric","Other"
2022,59987.291391,178994.315068,27428.577010,59267.423181,37619.391452,3012.113464
2023,41712,201020,36841,100224,93285,3593
2024,21868,187234,40874,67079,127703,3520
2025,2656,33880,9841,7066,26752,560
