"YYYYMM","Internal combustion","Plugin hybrid","Battery electric"
2019,19644002,211979.224299,822220.775701
2020,18181000,201000,910000
2021,17169000,545000,2442000
2022,14870000,1421000,4258000
2023,13964292,2595850,5156439
2024,11989743,3417521,6332596
2025,4459279,1386558,2655329
