"YYYYMM","Diesel","Petrol","Non-Plugin Hybrid","Plugin Hybrid","Battery Electric","Other"
2022,8769.257261,21652.581197,8376.042017,922.992701,1371.028961,1799.975309
2023,10912,27806,13005,1119,1624,1827
2024,12442,31745,16370,1266,1793,1404
2025,1254,3621,3185,292,122,243
