"YYYYMM","Diesel","Petrol","Non-Plugin Hybrid","Plugin Hybrid","Battery Electric","Other"
202206,17081.048309,44801.354839,32627.268398,18239.955056,74551.874200,120.012552
202212,17016,46329,36624,19989,109438,105
202306,15161,46313,40501,16169,82361,61
202312,13734,40881,39059,18722,83735,15
202406,15774,40716,44502,13705,74367,36
202412,12425,31663,44535,12155,88837,13
202506,2906,8059,12016,3338,24217,5
