"YYYYMM","Diesel","Petrol","Non-Plugin Hybrid","Plugin Hybrid","Battery Electric","Other"
2022,1637732.950820,4141648.058771,2647679.814450,1014372.061674,1574697.328358,277279.185690
2023,1533599,4587741,3394420,989189,2019468,321262
2024,1354550,4278259,4062671,951121,1992832,326432
2025,172817,561511,687726,148185,330711,57861
