"YYYYMM","Diesel","Petrol","Non-Plugin Hybrid","Plugin Hybrid","Battery Electric","Other"
2022,17113.946565,47148.531568,29018.882286,5493.073378,2827.012133,3681.163265
2023,17654,56293,41560,8826,6379,3773
2024,9835,48923,57917,8262,8707,3431
2025,699,6787,10124,1363,1245,259
