"YYYYMM","Diesel","Petrol","Non-Plugin Hybrid","Plugin Hybrid","Battery Electric","Other"
2022,14301.125874,44652.690832,42076.846715,4888.833840,4709.117338,893.997253
2023,12953,37792,44958,5545,5748,605
2024,14660,36274,56039,5692,8567,365
2025,2760,4797,10098,695,1253,97
