"YYYYMM","Diesel","Petrol","Non-Plugin Hybrid","Plugin Hybrid","Battery Electric","Other"
2022,2840.047081,7865.116178,4346.987921,291.003096,1072.003410,339.007502
2023,2942,8331,5195,384,1790,347
2024,2829,5989,5978,738,1250,407
2025,615,1648,0,260,164,54
