"YYYYMM","Diesel","Petrol","Non-Plugin Hybrid","Plugin Hybrid","Battery Electric","Other"
202206,1289.047081,4200.116178,1981.987921,131.003096,414.003410,160.007502
202212,1551,3665,2365,160,658,179
202306,1579,4445,2522,209,971,199
202312,1363,3886,2673,175,819,148
202406,1398,3244,3042,251,586,192
202412,1431,2745,2936,487,664,215
202506,615,1648,0,260,164,54
