"YYYYMM","Diesel","Petrol","Non-Plugin Hybrid","Plugin Hybrid","Battery Electric","Other"
2022,390.999675,2642.077739,1150.013514,1234.041534,984.037736,8
2023,664,2714,1263,937,982,6
2024,670,2912,1477,637,2130,3
2025,37,346,232,71,257,0
