"YYYYMM","ICE","Non-plugin hybrid","Plugin hybrid","Battery electric"
2020,6757,1,15,89
2021,17184,2,7,2123
2022,6948,0,38,3785
2023,3963,16,31,11380
2024,4001.980000,19,48,17811
2025,5668.249999,14,80,17594
2026,2078.000000,9,7,7092
