"YYYYMM","Petrol","Diesel","Non-plugin hybrid","Plugin hybrid","Battery electric","Other"
2019,111531.892260,89520.638587,9484.054738,5801.074852,6902.990194,2114.137211
2020,64947.094140,47811.084979,11967.510698,11873.854770,7850.661429,1816.173336
2021,63871.629519,32105.978892,19210.960095,15673.219292,13295.366461,3527.158998
2022,65792.959590,28011.827547,24243.720037,16040.476101,17866.239405,5433.794340
2023,72030,23987,28859,27146,36390,11209
2024,71078,18440,35020,28346,41757,15077
