"YYYYMM","Diesel","Petrol","Non-Plugin Hybrid","Plugin Hybrid","Battery Electric","Other"
2022,8914.944936,27792.581783,6101.276625,581.014493,2284.008861,699.030552
2023,8732,28878,5575,958,4332,503
2024,9629,32111,5676,1224,3166,859
2025,1732,5491,916,364,809,75
