"YYYYMM","Diesel","Petrol","Non-Plugin Hybrid","Plugin Hybrid","Battery Electric","Other"
202206,4855.944936,15925.581783,3352.276625,279.014493,1051.008861,407.030552
202212,4059,11867,2749,302,1233,292
202306,5002,16249,3109,526,2165,293
202312,3730,12629,2466,432,2167,210
202406,5299,17059,3086,630,1667,243
202412,4330,15052,2590,594,1499,616
202506,1732,5491,916,364,809,75
