"Year","Coal","Natural gas","Hydro","Nuclear","Wind","Solar","Oil","Other"
2020,0.990000,-7.970000,-1.750000,0,-0.350000,-0.260000,0,-0.620000
2021,-0.760000,-0.750000,-0.010000,0,1.010000,-0.650000,0,1
2022,-0.550000,1.520000,2.050000,0,-1.300000,0.730000,0,1.550000
2023,-5.080000,14.760000,0,0,0.740000,0.120000,0,-0.410000
2024,2.850000,6.970000,-0.180000,0,-0.210000,0.290000,0,-0.650000
2025,0.300000,-13.030000,1.210000,0,0.030000,4.550000,0,-4.340000
2026,-2.220000,2.520000,0.300000,0,-0.070000,0.380000,0,-0.210000
