"Year","Coal","Natural gas","Hydro","Nuclear","Wind","Solar","Oil"
2015,0.150000,0,0,0,0,0,0
2016,0.170000,0,0,0,0,0,0
2017,0.240000,0,0,0,0,0,0
2018,0.460000,0,0,0,0.210000,0,0
2019,0.460000,0,0,0,0.230000,0,0
2020,0.140000,0,0,0,-0.020000,0,0
2021,0.760000,0,0,0,0.170000,0,0
2022,0.210000,0,0,0,-0.060000,0,0
2023,0.290000,0,0,0,0.010000,0,0
2024,0.420000,0,0,0,0.050000,0,0
